source_word,target_word,pos,page_number
a,ca.,num,1
a bunch,sagèri.,n,1
a galaxy of; k.o.fish,maho.,vi,1
a moment,diki.,adv,1
a part of,hag'e.,n,1
a piece,lai.,n,1
about; maybe; not.lose,ele.boe.,adv,1
above,dedha.,adv,1
absolutely right,tare'a-re'a.,vi,1
abundant result,sobhu-sobhu.,adv,1
accidentally bump into.,saleku.,v,1
add,tabha,v,1
add,taba,vi,1
adhere,kaj'èpe,v,1
adhere,tai,v,1
adhere,tapa,vt,1
adhere; patch on,tape.,vt,1
ador,hèu.,n,1
advice,holonori.,n,1
advise,holo.,vt,1
afoot,pakeko,v,1
afoot,kalau,vi,1
afraid,madha'u.,vi,1
after that,èle ka.,cnj,1
"after, until",tare.,cnj,1
afternoon,lod'o nihia,n,1
afternoon,nihia,n,1
afterwards,heka,cnj,1
afterwards,hèia,cnj,1
again,hari,adv,1
again,kahèi,adv,1
aging,ruku.,vi,1
aglow,heo,v,1
aglow,karoo,v,1
agree,pare'a.,vt,1
agree; match,pase.,v,1
agree; nod,ngètu.,vi,1
aha,ha.,PART,1
all,aa'i,adv,1
all,rarahai,adv,1
all,teme-teme,adv,1
all,hua,Qnt,1
all at once,kaca'a.,adv,1
almost,ita,adv,1
almost,oe,TAM,1
alone,mesa.,Qnt,1
already,èle.,adv,1
also,hèi,adv,1
also,seka hèi,adv,1
although,masi,cnj,1
although,masi ka,cnj,1
amused,capag'ili.,vi,1
anchor,tangad'a.,n,1
anchor,panahu.,vi,1
and,aa.,cnj,1
angry,nasa,v,1
angry,kacèla,vi,1
angry,gagai,vt,1
angry,tao,vt,1
angry,tao,adv,1
animal,badha.,n,1
ankle,gage.,n,1
ant,kikidui.,n,1
a pack,kètu.,n,1
apparatus box,rog'a.,n,1
appear,bhodho.,vi,1
appearance,rupa.,n,1
"appropriate, be right, be touched",lèke.,vi,1
April,Nyale Kole.,n,1
arc,hahusu.,n,1
areca nut,hènyi.,n,1
around,rai reo.,vi,1
arouse,parèi,vt.,2
arrive,tuu,v.,2
arrive,tu,vi.,2
arrogant,koaao,v.,2
"arrow, shoot with arrow",kataki,vt.,2
as,sèmi,prep.,2
a section,madha,n.,2
ashamed,makae,vi.,2
ask,karèi,v.,2
ask,manèngi,v.,2
ask,mangao,v.,2
"ask, inquire",bari,v.,2
aslant,pasoro,—,2
asphyxia,bèja,vi.,2
assist,batu,v.,2
assist,tulu,v.,2
a.step,pèga,adv.,2
at close guaters,pahèdhe,n.,2
"at, on, in",ètu,prep.,2
at the moment,rapa,cnj.,2
August,Isi Nèta,n.,2
aunt,ti'i,n.,2
auntie,teto,n.,2
awake,rèmi,vi.,2
ax,kataka,n.,2
back,kabodho,n.,2
bad,aapa,adj.,2
bad,karehe,adj.,2
bad odor,hèu bhobho,n.,2
bail,uusu,v.,2
bail,dhui,vt.,2
bait; feed,ani,v.,2
bake,bhubhu,vt.,2
balance,bhare,vi.,2
bamboo,kalaiyèu,n.,2
ban,pasaseo,vt.,2
banana,mu'u,n.,2
bangle,rate,n.,2
banyan,kabunu,n.,2
baptize,sarani,vi.,2
bargain,tihe,v.,2
base; astern,hui,n.,2
basket,soe,n.,2
bat,lai balu mèdi,n.,2
bat,ni'i,n.,2
bathe,diu,v.,2
bayan,madhiri,n.,2
be able,nia,adv.,2
be able to,mèke,v.,2
be broken,masèka,vi.,2
be careful,paiie,adv.,2
be cold,maho,vi.,2
be mine,panyau,vt.,2
be.absent,aad'o,vi.,2
beach,cucu mata,n.,2
beach,namo,n.,2
beach,nebhe,n.,2
beach,tataa,n.,2
beak,panutu,n.,2
bear,tago,v.,2
beat,hake,vt.,2
beautiful,saraga,adj.,2
because,lula,cnj.,2
because,ngèti,cnj.,2
because,te,cnj.,2
become,j'aj'i,vi.,2
bed,koi,n.,2
bee,oni,n.,2
behind,kabodho,n.,2
believe,lèka,v.,2
belly,d'èlu,n.,2
belly,kabake,n.,2
below,haha,adj; n.,2
belt,dhari.hake,n.,2
bench,bagu,n.,2
bequeath,pahu'a,v.,2
bet,patèka,v.,2
betel,kanana,n.,2
bettel-nut container,kapepe,n,3
bettel-nut container,nana,n,3
bicycle,sapeda,n,3
big,dhèbo,adj,3
big,kapai,adj,3
big palm container,sabha dhau,n,3
big (wood),dèbho,adj,3
bind,iu,vt,3
bind,tanu,vt,3
bind,uj'u,vt,3
bird,manubhui,n,3
bird sound,kaoo-kaoo,v,3
bird cage,rèda,n,3
bite,kadhi,v,3
bite,tèpu,v,3
black,mèdi,adj,3
bleat,kabee,vi,3
blind,poke,n,3
blind,bèdhu,vi,3
blister,kahèu,vi,3
block,babaa,n,3
block; hinder; shelter,abhe,v,3
blood,raa,n,3
bloom,mare,n,3
bloom,mare,vi,3
blossom,hela,n,3
blow,tiu,vt,3
blow,tiu,vi,3
blow; hit,tabhe,vt,3
blow.out,bua₁,v,3
blowpipe,pupu,n,3
blunt,topo,adj,3
board,papa,n,3
board game,loko,n,3
boat,ana rajo,n,3
boat,balu₁,n,3
boat,koha,n,3
body,isi,n,3
body,ngi'u,n,3
body,ua,n,3
boil,nasu,v,3
boil,hare'a,vi,3
boil water,pai,vt,3
bold,bani,vi,3
bolster pillow,nanèlu tabolo,n,3
bone,rui,n,3
bop on head,deu,vt,3
bored,roca,vi,3
borne,mora iisi,vt,3
bother,laleko,vt,3
bottle,boto,n,3
bow,kaduru,n,3
bow down,cudu,vi,3
box,kotak,n,3
boy,lai ag'o,n,3
brace,kakai,n,3
bracelet,kanau,n,3
brain; pregnant,kahadhu,n,3
brain; pregnant,kahadhu,v,3
branch,dadana,n,3
branch,kajari,n,3
branch,kalai,n,3
branch,kamaki,n,3
branch,saga,n,3
brass,riti,n,3
brave,bani,vi,3
brazing,tabaga,n,3
break,lèku,v,3
breath,ae₂,v,3
breed; expand,bèba,v,3
bridewealth,kabua,n,3
bridge,kalete,n,3
bridge,kalete,v,3
bridle,rarapa,n,3
bring,tèti,vt,3
bring,todhe,vt,3
bring,kèti,vt,3
bring,mèti,vt,3
bring,nèti,vt,3
bring,ngèti,vt,3
bring,rèti,vt,3
broken,mae,v,3
broken,laho,vi,3
broken,padhe,vi,3
broken,ciu,vt,3
brother in law,kera,n,3
brush,seka,v,3
bullet,pelor,n,3
"bullet, volume, hook",isi,n,3
burden,babia,n,3
burglar,mana'u,v,3
burn,tunu,v,3
burnt,kèpu,vi,3
burst out,uuku-uuku,adv,3
burst out,pake'e,adv,3
bury,dhènu,v,4
bury,padhane,vt,4
busy,rarepo,v,4
busy,repo,v,4
but,"tèngaa, te",conj,4
butchered,roro,vt,4
butt,tèbhu,vt,4
butterfly,kabeba,n,4
buy,hèli,v,4
cackle,koko oko,v,4
cackle,kokoredo,vi,4
cage,karogo,n,4
call,paroa,vt,4
"call, speak",lii,v,4
calm,marèngi,n,4
cambium,kahètu,n,4
can,balee,n,4
candle,lili₁,n,4
candlenut,kamia,n,4
capital,kapua,n,4
capital,poko,n,4
captain,kapatei,n,4
car,oto,n,4
"care for, see",leru,vt,4
carry,hue,v,4
carry,jèru,v,4
carry,pasae,v,4
carry,dui,vt,4
carry,pasa,vt,4
carry,tebe,vt,4
carry.on.back,kacuu,vt,4
cart; wagon,gareta,n,4
carved,suri,vt,4
cassava,sihu aj'u,n,4
cat,meo,n,4
catastrophe,rai opo,n,4
catch,kèpe,vt,4
catch.fish,j'a'i,vt,4
cave,loe₁,n,4
cement,samee,n,4
cemetry,lutu bhatu,n,4
centimeter,senti,n,4
chair,kadera,n,4
change,uba,v,4
"chanting, seed",hini,n,4
charcoal,kadhu,n,4
charcoal,kalaha'a,n,4
charm,na'i,n,4
chase,bate,vt,4
chase,magèle₁,vt,4
chase,magèle₂,vt,4
chase,megèle,vt,4
chase away,so,v,4
cheek,ripi,n,4
cheer,pabaa,v,4
chest,kabhu,n,4
chest,kakara,n,4
chew,panyami,v,4
chew,mame,vt,4
chicken,manu,n,4
chicken spur,pa'iu,n,4
chicken.coop,katèbhu,n,4
child,ana,n,4
chili,sili,n,4
chin,pangalahii,n,4
China,Sina..,n,4
chirrup,kio,vi,4
chisel,pae,n,4
choke,mati'a,vi,4
chop,j'ue,vt,4
chord,lodha₁,n,4
cigarette,roko,n,4
circle,kahore,adj,4
clamp,ngapi,vt,4
clap,katèju₂,v,4
clap water,dobho₂,v,4
clay.pot,èru,n,4
clean,j'angi,v,4
clean up,soso,v,4
clear,ko'o,vt,4
cleave,kacèbhe,vt,4
"cleave, crack",sèg'i.,v.,5
"cleave, lacerate",bèka.,v.,5
climb,karèke.,vt.,5
close,kutu,v.,5
close,bèdho,vt.,5
close,saguru,vt.,5
"close, putty",cèlu.,v.,5
closing,kakutu.,n.,5
cloth,bèla,n.,5
cloth,kepe,n.,5
cloth,sig'i,n.,5
cloth.box,boaraka.,n.,5
cloud (white),rai liru.,n.,5
cluck,doa₂.,vi.,5
clump,nau.,n.,5
cluster of lontar,nau.dhua.,n.,5
coaxing,rarange,v.,5
coaxing,solo.mako,v.,5
cobweb,gaguu.,n.,5
coconut,nyiu.,n.,5
coconut calyx,karoba.,n.,5
coconut fiber,kahunu.,n.,5
coconut's shell,sasule.,n.,5
coffee,kohi.,n.,5
cold,pacuhi.,vi.,5
collapse,guri.,vi.,5
collect,oru.,vt.,5
colorful,karata.,adj.,5
come,mai.,vi.,5
"command, govern",paredha.,vt.,5
compare,pajojo.,vt.,5
complain.about.s.t.; accuse; demand,galaa₁.,vt.,5
complete,tesa.,vi.,5
condensed; thick,kabhète.,adj.,5
confiscating each other,parame.,vt.,5
connect,patuhu.,v.,5
consider,babenu,v.,5
consider,kasere,vi.,5
consider; think.over,pajiko.,vt.,5
continue,no-no,TAM.,5
continue,tao-tao,TAM.,5
continue,taruu,TAM.,5
continuously,tino.,adv.,5
cook,pana₂.,vt.,5
cooked rice,kau.,n.,5
corn,tarae.sina.,n.,5
corner,kabicu.,n.,5
cornered,katata.,vi.,5
cotton,kanyahu hèngu.,n.,5
coughed,me'a₂.,vi.,5
count,bareke,v.,5
count,iga,vt.,5
cover,katanga,n.,5
cover,hutu,vt.,5
crab,karaka.,n.,5
crawl,rodo.,vi.,5
crazy,huj'u.,vi.,5
creep,rodo.,vi.,5
creeping,loro.,n.,5
cresset,suru.,n.,5
crew,mataroo.,n.,5
croak,mag'ao.,v.,5
crock,g'ala.,n.,5
crocodile,baki.hoe.,n.,5
"crooked, bent",koe.,adj.,5
cross,pège.,v.,5
crow,kokotoo.,v.,5
crowd in,malupu,vi.,5
crowd in,pasèki,vt.,5
crowded,iia-aala,vi.,5
crowded,rame,vi.,5
crown,lèbha.,n.,5
crunchy,kèru-kèru,adv.,5
crunchy,sakaa,v.,5
cry,banga.taraa,vi.,5
cry,tangi,vi.,5
cry out,taraa.,v.,5
crying aloud,tangi dolo aae.,v.,5
crying sound,ooi-ooi,adv.,5
crying sound,kii-kii,v.,5
cup,mago.,n.,5
current,rii.,n.,5
custom,ada.,n.,5
cut,èta₂,v.,5
cut,poro,v.,5
cut,tutu,v.,5
cut,para,vt.,5
cut,tate,vt.,5
cut open,sola,vt,6
cut with scissor,g'ute,v,6
cut (fish),dhadhe,vt,6
cuttings of rice,karunu,n,6
dab,gai,vt,6
dance,jara,v,6
dance,ledho,vi,6
dance,roge,vi,6
dangle,kaheko,vt,6
dark,maroga,adj,6
"day, time, sun",lod'o,n,6
daytime,lonètu,n,6
daytime,mèu,n,6
daytime,mèu te'e,n,6
deaf,katele,v,6
debt,kèlu,n,6
deed,tatao,n,6
deep,marèma,adj,6
definitely,neuka,adv,6
demon,nidhu,n,6
dense,bhetu,adj,6
December,Nyale Sèpu,n,6
despise,padhèdi,v,6
destroyed,laho,vi,6
dew,paringi,n,6
dice,dobe,n,6
die,madhe,v,6
difficult; suffer,j'èra,vi,6
difficulties,dadèdhu,adj,6
dig,kèi,v,6
dilligent,maj'èni,adj,6
dilute,dhobho,vt,6
dim,rau-rau,adv,6
dip,cèbu,vt,6
dirty,hera,adj,6
dirty; filthy,kaj'alu,adj,6
dirty; filthy,kaj'alu,n,6
discuss,padhue,vi,6
disentangle,madahu,v,6
"disentangle, deal",uri,v,6
dispart,pakula,v,6
distance,tatia,n,6
DIST.PL,sèra,Deic,6
DIST.SG,èèna,Deic,6
disturb,rarode,v,6
dive,cèla,vi,6
dizzy,madea,v,6
do laundry,rarumu,vt,6
doctor,dote,n,6
dog,busa,n,6
done,mami,v,6
don't; afraid,mage,neg,6
don't; afraid,mage,vi,6
door,hèba,n,6
dove,koro j'aha,n,6
dragonfly,tibhene,n,6
drawee,kaj'èpe,v,6
dream,nii,vi,6
dregs,èto,n,6
dregs,sota,n,6
drift ashore,eta,vt,6
drill,pudhu,v,6
drink,kinu,vt,6
drink,minu,vt,6
drink,ninu,vt,6
drink,nginu,vt,6
drink,tinu,vt,6
drink,rinu,vt,6
drip,lola,vi,6
drip,suti,vi,6
dripping sound,rèji-rèji,v,6
drive,gili,v,6
drizzle,rèku-rèku,adv,6
drop,parèu,vt,6
drown,molo,vi,6
drowning,lala o'oo,v,6
drunk,mahu,vt,6
dry,mango,adj,6
dry,mèti,adj,6
dry,kalèsa,v,6
dry,kamango,vi,6
dry in sun,ai,v,6
dry in sun,gela,v,6
dry leaves,laloe,n,6
dry fruit of lontar,kabholo keke,n,6
dulcify with water,paringi,v,7
Duli.Toga,Duli.Toga,n,7
dull,bhaka,v,7
dust,ahu,n,7
dysentry,po'e raa,v,7
"each, per",baka,PART,7
ear,rèu dhilu,n,7
earrings,ate-ate,n,7
east,dhimu,n,7
eat,"ku'a, mu'a, mi'a, na'a, nga'a, ta'a, ra'a",vt,7
edge,sebhe,n,7
edge; side,baboa,n,7
eel,roma,n,7
egg,kanadhu,n,7
eggplant,tère,n,7
egret,ha'u,n,7
eight,aru,num,7
eight grams,èma,n,7
elevate; spoon,sode,vt,7
embryo,parahi,n,7
emerge,madhore,v,7
empty,mola,vi,7
encounter,range,vt,7
endure,taha,vt,7
enemy,musu,n,7
enemy,musu,v,7
engraved,suri,vt,7
enlace,heo,v,7
enlace,sabhu kaho,v,7
enough,tèja,Qnt,7
enough,dai,Qnt,7
enough,dai,prep,7
enough,dai,vi,7
enter,maso,v,7
enter,nare,vt,7
"escort, accompany",lere,vt,7
essence,subhi,n,7
estimated,puku,adv,7
everyday,ca'a-ca'a,adv,7
everyday,bèli-bèli,adv,7
everywhere,lème,n,7
evict,babège,vt,7
evict,bhabhoo,vt,7
evil spirit,nidhu,n,7
exceed,seli,adv,7
exchange,pasilu,v,7
exchange,tuka,v,7
exit,bhodho,vi,7
exit,kalua,vi,7
exit quickly,sabhoka,vi,7
eye,madha₁,n,7
eye,musi madha,n,7
eye brow,rèu madha,n,7
face,katanga madha,n,7
face,rohu,n,7
face,tangara,vi,7
face powder,madaa,n,7
facedown,sagèba,v,7
fall,bèbha,v,7
fall,kabhui,v,7
fall,manahu,v,7
fall,mèlu,vi,7
fall facedown,mopo-mopo,adv,7
falling sound,karubhu,n,7
family,a'a-ari,n,7
fence post,agarii,n,7
far,kaj'èu,adj,7
farewell; say good.bye,palangu,vi,7
fast,karohe,adv,7
fast; aloud,mèdhu₁,vi,7
fat,kabèbu,adj,7
father,ama,n,7
fathom,rèpa,n,8
February,Nyale Edha,n,8
feces,dhèi,n,8
feed,panga'a,vt,8
feel,g'ag'e,vt,8
fell,patue,vt,8
female,bhèni,n,8
fence,oka,n,8
fence stone,tedhe,n,8
fence wood,lalolo,n,8
field,mamoo,n,8
field,pada,n,8
fight,patèku,vi,8
fight,pag'ag'a,vt,8
filings,rarodho,n,8
fill,isi,v,8
fill,pèlo,vt,8
fill forcefully,cèci,vt,8
filter,sule,v,8
filter,tatai,vt,8
filter;sieve,sasula,n,8
fine; dense,lutu,adj,8
finish,haku,v,8
finish; arrive,nare,vt,8
finished,meme,vi,8
"finished, recover",èle,v,8
finishing,hi'i,v,8
fire blower,tatiu,n,8
fire.place,dhuru,n,8
fireplace,rao,n,8
firewood,kadèna,n,8
firewood,kadhèna,n,8
fish,i'a,n,8
fish net,pèku,n,8
fishhook,malebha,vt,8
fishing,mad'ulu,v,8
fish trap,huhu,n,8
fist,j'ubhu,v,8
five,lèmi,num,8
flag,paji,n,8
flame,kaha'a,n,8
flame,kaha'a,v,8
flank,gepe,vt,8
flat,mera,adj,8
flat object,kalibhi,n,8
flat stone,kabela,n,8
flimsy,tede,adj,8
float,gamu,n,8
floating,eebo-eebo,vi,8
flood,lala,n,8
floor mat,dhèpi,n,8
flow,hae,vi,8
flowing loose,koro-koro,adv,8
flute,sakino,n,8
fly,lara,n,8
fly,matana,v,8
foal,horo,n,8
foam,pèko,n,8
fold,lèpa,vt,8
fold,lèpe,vt,8
fold,lidhu,vt,8
follow,madhutu,v,8
foot,haga,n,8
forbidden,luri,vi,8
force,katèju,v,8
force,lakaseti,vi,8
force,panyuu,vi,8
force,pakaseti,vt,8
force,pakaseti,vi,8
forceps,kakatua,n,8
forehead,katanga rèi,n,8
forget,bhèlu,vi,8
formerly,uru,adv,8
fortunately,malo,adv,8
four,èpa,num,8
fragrant; blessing,mèngi,vi,8
free,patabuli,vt,8
"free, common",iia,adv,8
fried,sèngi,v,8
friend,anga,n,8
friend,angalai,n,8
frighten,bege,vt,8
from,ngèti,prep,8
front,madha,n,8
fruit,hua,n,8
fruitless,bhob'o,n,8
full,pènu,vi,8
full moon,hèru kateme,n,8
fumigate,sanuu,vt,8
fur,tumea,n,8
garbage,maruru,n.,9
garden,oka,n.,9
garden,tine,n.,9
gather,kaboko,vi.,9
get,abhu,vt.,9
get into; climb; ascend,ca'e,v.,9
get; PL.get,mera,v.,9
get; SG.get,nara,vt.,9
get.up,kèdi,v.,9
gingger,lia pana,n.,9
give,hia,v.,9
give birth,kora/nara/rara iisi,vi.,9
give; hand over; hand up,j'ole,vt.,9
glass,galaa,n.,9
go along,noo-noo,v.,9
go arround,reo,vi.,9
go down,dha'u,vi.,9
go down,puru,vt.,9
go home,lèpa,vi.,9
go outside,podho,vi.,9
go outside,sali'u,vt.,9
go.ahead,la'a,PART.,9
goat,kahibi,n.,9
God the creator,horo parahi,n.,9
gold,hualaa,n.,9
gong,babha,n.,9
good,be'a,adj.,9
good,iia,adj.,9
gouge; lacerate,cèru,vt.,9
gourd,karèbho,n.,9
go,laku,vi.,9
go,lamu,vi.,9
go,la'e,vi.,9
go,lami,vi.,9
go,lati,vi.,9
go,la'a,vi.,9
go,lasi,vi.,9
gram,baj'u,n.,9
grandchild,èpu,n.,9
grandfather,baki,n.,9
grandmother,bèi,n.,9
grass,j'u'u,n.,9
great; big,aae,adj.,9
green,mangèru,adj.,9
greet,sabhu,v.,9
greet,soru,v.,9
grey,ahu,adj.,9
grinding,kico-kico,adv.,9
grindstone,dari,n.,9
groan,bhesi,vi.,9
grope,dèu,v.,9
grope,gogo,v.,9
grope,d'èu,vt.,9
"ground, land, territory",rai,n.,9
group,robhonga,n.,9
group of,maho,n.,9
group.of.thread,ho'a,n.,9
grow,bhuku,n.,9
grow,muri,vi.,9
grub up,edo,v.,9
grub up; gouge,huki,vt.,9
guard,j'aga,v.,9
guard,madhenge,vt.,9
guess,siri,vt.,9
gun,bhabhua,n.,9
gun,kasiro,v.,9
gun,kasiro,n.,9
guy,la'i aae,n.,9
half,camalore,vt.,9
half-cut,bèke,v.,9
hamper,pahadhe,v.,9
hand,kacui.aai,n.,9
hand over,soro,vt.,9
"hand, stingray fish, fire",ai,n.,9
handkerchief,lesu,n.,10
handle,uru₁,n.,10
hand.over,j'ola,v.,10
hand.over,saraka,vt.,10
hang,kadhoe,v.,10
hang,patahi,vi.,10
hang,lalodhe,vt.,10
hanged,lodha₂,v.,10
happy,karej'e,adj.,10
hard,adhu,adj.,10
harvest,puu-g'ètu,vt.,10
harvest (fishing),osa,n.,10
hat,solo,n.,10
have cramps,mela,vi.,10
have just,heka₁,adv.,10
have nothing,lao-lao,adv.,10
have tobacco on lips,sag'ig'i,v.,10
hawk,manea,n.,10
head,kapala,n.,10
head,kètu₁,n.,10
head,salaka,n.,10
hear,tadèngi,vi.,10
heart,dara,n.,10
heart,usu,n.,10
heavy,bia,adj.,10
help;,bara,v.,10
herd,èo,vt.,10
herd; turn,eo,vt.,10
he/she (SG),nèngu,pro.,10
he/she (SG),ne,pro.,10
hey,weh,Interj.,10
hide,lu'u,v.,10
hide,huni₁,vt.,10
high tide,dhasi joro,n.,10
high tide,luu,vi.,10
high tide,pasa,vt.,10
high tide,dhasi.uli,n.,10
highway,oka-hoo,n.,10
hill,kabhuku,n.,10
hill,ledhe,n.,10
hinges,hensel,n.,10
hip,haleja,n.,10
hit,dhèto,v.,10
hit,gama,v.,10
hit,dhedhe₁,vt.,10
hit,haka,vt.,10
hit,mamobo,vt.,10
hit,rage,vt.,10
hit gong,babha,v.,10
hoelike tool,bego,n.,10
hold,kèd'u,v.,10
hold,lake,v.,10
hold,horo₁,vt.,10
hold,kadhèi,vt.,10
hold,kèdu,vt.,10
hold,kèpe,vt.,10
hold,nèd'u,vt.,10
hold,saru'u,vt.,10
hold,sa'u,vt.,10
hold on,mèdu,v.,10
"hole, cemetery",ro'a,n.,10
Holiday,Hari Besa,n.,10
Holy Spirit,Manadhu Lai Lodha,n.,10
honorable,hua iia,adj.,10
hook,pakai,vi.,10
hope,maena,vt.,10
hope,sanao,vt.,10
horns,tadhu,n.,10
horse,jara,n.,10
hot,sagoro,n.,10
hot,pana₁,vt.,10
house,èmu,n.,10
how,tasameramia,Qw.,10
how,tasamia,Qw.,10
how many,pèri,Qw.,10
how much,ca ngaa,Qw.,10
"hug, embrace",liku,vt.,10
hull,senta,n.,10
humid,kabe'e,vi.,10
hundreds,ngasu,num.,10
hungry,lojo,vi.,10
hungry,manganga,vi.,10
I (clitic),ku₁,pro,11
I (SG),cèku,pro,11
I (SG),ja'a,pro,11
if,teko,adv,11
if,karii,cnj,11
if,ladhe,cnj,11
if only,sèmi,prep,11
igniter; matches,garu,n,11
in a moment,ciki-diki,adv,11
in need,to'a,adj,11
in a row,patia,vi,11
incredulous; k.o.snail,cècu,vt,11
incubate,tutu,v,11
indigo,dhau,n,11
ineptly,leli,adv,11
injection,jesi,vt,11
injury,bhabe,n,11
injury,nu'a,n,11
in-laws,matu,n,11
"insert, tuck",kiju,vt,11
inside,dara,n,11
inside body,dèlu,n,11
inside threat (of weaving),pama'a,n,11
inspect,parisa,v,11
intact,kateme,adj,11
intestine,tanèi,n,11
invite,hoka,vt,11
invite,nèru,vt,11
invite; urge,gale,vt,11
iron,bèsi,n,11
iron,haj'a,n,11
island,kabarai,n,11
island,pulu,n,11
it means,maso,adv,11
itch,pèdi,vi,11
ivory,gadi,n,11
jail,bui,n,11
jail,ridhu,vt,11
January,Ari Nyale,n,11
January,Tèu Bharu,n,11
June; traditional ceremony,Bhui Nidhu,n,11
Japan,Japaa,n,11
jungle,j'ami,n,11
Jesus,Jesu,n,11
just,dhoka,adv,11
Jote,Jote,n,11
just,kala'a,TAM,11
July,Marose,n,11
just,sène,TAM,11
jump,boku-boku,adv,11
jump,bèdhi,v,11
jump,pasoka,v,11
jump,soa,v,11
just now,deo,adv,11
just now,doe iiki,TAM,11
kampong,rae,n,11
keep; put; alight; perch,tèka,vt,11
kapok,kahèru,n,11
keep; save,tèke₁,v,11
keel,kèni,n,11
keep s.t. in the mouth,kèmu,v,11
keep.in.acetate; postpone,budu.tèke,v.,12
keep.laughing,eere-eere,adv.,12
kick,katuju,vt.,12
kidding,aka,v.,12
kiss,uu,v.,12
kitchen,dapu,n.,12
knee,urutuu,n.,12
knife,tudi,n.,12
knife case,sope tudi,n.,12
know,ke'a,vt.,12
know,me'a,vt.,12
know,ne'a,vt.,12
know,nge'a,vt.,12
know,te'a,vt.,12
know,re'a,vt.,12
k.o.,kabuku.nao,n.,12
k.o. beans,kabui.aae,n.,12
k.o. crowbar,pango'o,n.,12
k.o. dance,pado'a,vt.,12
k.o. fish,meta,n.,12
k.o. fish,sungu,n.,12
k.o fish,Tangiri Babha,n.,12
k.o. flat basket,kokotai,n.,12
k.o. flat basket,salabhe,n.,12
k.o. manger,karaba,n.,12
k.o. shawl,salalu,n.,12
k.o. tree,kèbho,n.,12
k.o. tree,laka,n.,12
k.o trumpet,tèbhe,n.,12
k.o.accessories,kahudhi,n.,12
k.o.arena,nadha,n.,12
k.o.basket,kalera,n.,12
k.o.belt,laligu,n.,12
k.o.bird,cika,n.,12
k.o.bird,mangungu,n.,12
k.o.bottle,babo'i,n.,12
k.o.bottle,haree,n.,12
k.o.brush,caboro,n.,12
k.o.canoe,todha,n.,12
k.o.ceremony,kalela,n.,12
k.o.chop,caci,vt.,12
k.o.cockle shells,katia,n.,12
k.o.crab,sug'i,n.,12
k.o.desease,kamea lote,n.,12
k.o.desease,kamèu,n.,12
k.o.filter,kakusa,n.,12
k.o.fish,aru.koro,n.,12
k.o.fish,cici,n.,12
k.o.fish,dheo,n.,12
k.o.fish,kolorii,n.,12
k.o.fish,koro mata,n.,12
k.o.fish,lai₂,n.,12
k.o.fish,mano,n.,12
k.o.fish,Tangiri,n.,12
k.o.fish,Timporo,n.,12
k.o.fish trap,kanaca,n.,12
k.o.fruit salad,ruj'a,n.,12
k.o.handle,kakama,n.,12
k.o.knife for tapping,tudi.baga,n.,12
k.o.layer,lalata,n.,12
k.o.motif; soft.thing,kalutu,n.,12
container,gagiti,n.,12
k.o.plant,aj'u.aai,n.,12
k.o.plant,kalaingela,n.,12
k.o.plant,kalèla,n.,12
k.o.plate,kakoko,n.,12
k.o.roller,haruu,n.,12
k.o.seaweed,rèu èngu,n.,12
k.o.sea.worm,nyale,n.,12
k.o.small.fish,edu,n.,12
k.o.sound,g'ero-g'ero,v.,12
k.o.sound,po'o,v.,12
k.o.stick,kamuki,n.,12
k.o.stick,ladha rai,n.,12
k.o.stone,batu.iidu,n.,12
k.o.stone,rusu.ndau,n.,12
k.o.string to hang s.t.,a'ii,n.,12
k.o.tool,èi ani,n.,12
k.o.tree,hau,n.,12
k.o.tree,hèga,n.,12
k.o.tree,hègamanu,n.,12
k.o.tree,kabhoo,n.,12
k.o.tree,kalaa,n.,12
k.o.tree,kapaka,n.,12
k.o.tree,kare,n.,12
k.o.voice,dau-dau,adj.,12
kueh,koki,n.,12
k.o.weaving motif,ana langi,n.,12
lack,dadèdhu,adj.,13
ladle,pangala,n.,13
lake,dano,n.,13
lamp,labhu,n.,13
land,dae,n.,13
language,lii,n.,13
lap,iha,n.,13
large,kapai,adj.,13
large turledove,koro,n.,13
larynx,koko,n.,13
lasso,sasii,n.,13
last.long,manèro,adv.,13
later,pe,adv.,13
"latest, last",limuri,adv.,13
laugh,radhu,v.,13
laugh,mari,vt.,13
lazy,talej'e,v.,13
lazy,baieeda,vi.,13
lazy,haa-bai,vi.,13
leader,kapala,n.,13
leader,katua,n.,13
leaf,rèu,n.,13
leafless,motu,adj.,13
leafy,rapo,n.,13
leak through,katiti,v.,13
lean on,sarai,v.,13
leave,lega,v.,13
leave,lege,vi.,13
leave,pakèdi,vi.,13
leave behind,tèke,v.,13
leave,dhiu,vi.,13
left,kariu,n.,13
leg,haga,n.,13
legend,nanuku,n.,13
lemon,j'èru sina,n.,13
less,kura,vi.,13
lest,aeka,cnj.,13
"let, not care",hudi,v.,13
level,tada,n.,13
lever,cui,v.,13
lie,ag'o,v.,13
lie,bèle,vi.,13
lie,leko-monya,vi.,13
lie,pasili,vt.,13
lie.arthwart; cross,palèbha,v.,13
lie.down,j'unu,vi.,13
lift,boti,v.,13
lift,dede,vt.,13
lift up,nedhe,v.,13
lifted up,boti-boti,adv.,13
light,samaa,adj.,13
lightning,bela,n.,13
like,sèmi,prep.,13
like,dèi,vt.,13
liken,paloa,vi.,13
Like or dislike; absolutely,neu-neu,adv.,13
lime,ao,n.,13
lime powder container,tiba,n.,13
lips,panyoro,n.,13
listen,nanene,v.,13
little,ciki,adj.,13
live,muri,vi.,13
liver,adhe,n.,13
lizard,ana sapa,n.,13
lizard,tèke,n.,13
in,buli,prep.,13
in,ètu,prep.,13
lock,goe,vt.,13
"logs, wood, tree",aj'u,n.,13
mud,lobho,n.,13
long,madhera,adj.,13
long time,nèbhu,adj.,13
lontar/coconut leaf,rèu suru,n.,13
lontar palm,kèli,n.,13
lontar stem with thorn,saga.roro,n.,13
look around,oro,v.,13
look after; rear; raise,kaboi,vt.,13
look.for,tenge,v.,13
loom,lore,n.,13
loose,golo,adj.,13
loosen,cèpu,vt.,13
loosen bowels,po'e,vi,14
Lord,Lamatua,n,14
lose,ele,vi,14
lose,meme,vi,14
lose,mèle,vi,14
loss,balu₂,n,14
loss,balu₂,adj,14
louse,udhu,n,14
love,sue,vt,14
low,haha,adj,14
low,haha,n,14
low tide,mara,n,14
low tide,rèmi,n,14
lung,haa₂,n,14
machete,hela,n,14
make,tao,vt,14
make,tao,adv,14
make known,padelo,vt,14
make salt; awake,marèi,vt,14
make conspicuous,adu ue,vi,14
make layer,labhi,vt,14
make noise,bhute,v,14
make oval,dobho₁,v,14
Malay,Malai,n,14
male,mone,n,14
male,la'i,n,14
man,mone,n,14
manage,pangèci,v,14
manage,lalo'o,vt,14
manggo,pao,n,14
manner; way,j'ara,n,14
many,ae₁,adj,14
marbles,ana bhadolu,n,14
March,Nyale Dhao,n,14
mark.by.cutting,dhare,vt,14
marry,kabi,vi,14
match,mèci,adv,14
material,nèu₁,n,14
mattress,bosalaa,n,14
May,Hèru Holomanu,n,14
maybe,sina,cnj,14
meaning,sasoa,n,14
"measure, do magic",uku,v,14
meat,sisi,n,14
medicine,na'i,n,14
meet,raga,vt,14
melt,libu,v,14
melted mucus,tabhu'u,v,14
mention,ale,vt,14
message,moa,vi,14
middle,ta,adv,14
middle,talora,n,14
million,kehi,num,14
mist,bhuru,n,14
mix,pakihu,vt,14
mock,padhidhi,vt,14
model,mode,n,14
moist,kabe'e,vi,14
momentarily,none,adv,14
money,doi,n,14
money,kajii,n,14
monkey,kode,n,14
"moon, month",hèru,n,14
more,risi,adv,14
moringa,jihona,n,14
moringa,j'ihona,n,14
morning,madae,n,14
morta,ngècu,n,14
mother,ina,n,14
mother,mama,n,14
mother,rena,n,14
motherless,lalu,n,14
motif,sasau,n,14
moti'f,pajala,n,14
mountain,ledhe,n,14
mountain side,lia,n,14
mourn,balu₃,v,14
mouse,maraho,n,14
mouth,hèba,n,14
mouth,suu panutu,n,14
move,eso,v,14
move,hari,vi,14
move,pidha,vi,14
move,hiki,vt,14
Mr,ama,n.,15
Mr,Lamatua,n.,15
mud,kabheca,n.,15
mud,lub'u,n.,15
muddy,kabhèca,v.,15
mug,moo,n.,15
name,ngara,n.,15
name of fish,kalij'u,n.,15
namely; as,nuka,adv.,15
name.of.island,Nèsu,n.,15
nape,hui kehi,n.,15
nape,lasa ara,n.,15
nape.of.neck,sa'ara,n.,15
narrow,kobo,adj.,15
navel,èsu,n.,15
Ndao,Dhao,n.,15
near,dètu,v.,15
nearly,nia,adv.,15
nearly,oe-eo,TAM.,15
neck,ladhagoro,n.,15
neck,lakoko,n.,15
nerve,kalua,n.,15
nest,rèdha,n.,15
net,dhai,n.,15
net,j'ala,n.,15
new,hiu,adj.,15
New Year,Tèu Bharu,n.,15
nice,be'a,adj.,15
night,mèda,n.,15
nine,ceo,num.,15
no,aad'o,neg.,15
no longer,heka,neg.,15
noise.of.war,bala.pèka,vt.,15
noon,lod'o nètu,n.,15
noon,titu mera,n.,15
normally,ca'a-ca'a,adv.,15
north,badae,n.,15
not,boe,neg.,15
not move,kaloo,v.,15
not.bad,iia-iia,adv.,15
notch,tanu'i,n.,15
nothing,hua,adv.,15
not stop,bau boe,neg.,15
not.yet,mèka,neg.,15
not yet,dhae,neg.,15
November,Matena,n.,15
nurse,matarii,n.,15
oar,sehe,n.,15
October,Hadhu aae,n.,15
October,Hèru Hadhu aae,n.,15
octopus,kapaj'u,n.,15
offer,paj'ojo,vt.,15
oh,o,EXCL.,15
oh,oo,Interj.,15
oh my God,ira e,—,15
oil,lèngi,n.,15
"oil, fat",mènyi,n.,15
old,dhui,adj.,15
old.age,heka,adj.,15
older sibling,a'a,n.,15
once,catèka,adv.,15
once,sèka,v.,15
one,ci'u,num.,15
one,èci,num.,15
one; a,cue,num.,15
onion,lasona,n.,15
only,dho-dhoka,adv.,15
only,di,adv.,15
only,mèra,adv.,15
only,tao,vt ; adv.,15
only,tao,vt ; adv.,15
ooh,eea,EXCL.,16
"ooh, gosh",wa,EXCL.,16
ouch,inaa,EXCL.,16
open,bhoke,vt.,16
open,conge,vt.,16
outside,li'u,adv.,16
outside,baboro,n.,16
open ceremony,caro.nadha,n.,16
overflow,lala,vi.,16
overflow,lale,vi.,16
oppose,laba,vt.,16
oppose,sisu,vt.,16
overlap,ènyi,v.,16
overlapping,manya'e,vi.,16
or,do,Cnj; PART;.,16
"overshade, shelter",leo₂,vi.,16
order,paleha,vt.,16
own,dènge,v.,16
order,pua,vt.,16
owner of boat,juraga,n.,16
other,leo₁,adj.,16
pacify,paiia,vi.,16
pea,kabui,n.,16
paddy; cross,are,v.,16
peace,dame₁,v.,16
paint,dule,v.,16
peel,kacici,v.,16
paint,dame₂,vt.,16
peel,kaliji,v.,16
pair,sase,v.,16
peep at,ma'u,vt.,16
palm beam,kabhèu,n.,16
pencil,potoloo,n.,16
palm fiber,kadhai,n.,16
person,dhèu,n.,16
palm.container,sabha,n.,16
persuade,leko,v.,16
"palmjuice, sap",dhua,n.,16
petrescent,mèje,n; vi.,16
palpitate,kadhèko,v.,16
phalange,sasesu,n.,16
pandanus,lata,n.,16
pick,puu,v.,16
panting (walk),eepo-eepo,adv.,16
pick,g'ètu,vt.,16
pants,baruku,n.,16
piece,tète,v.,16
pants,baru,n.,16
piece,roro,vt.,16
pants,lamakera,n.,16
pig,hahi,n.,16
papaya,lolobhangi,n.,16
pile,udu,vt.,16
papyrus,tula,n.,16
pile up,tègu,vi.,16
parcel,bugu,n.,16
pillow,nanèlu,n.,16
part,kadhèli₂,n.,16
pinch,ku'u,vt.,16
part,kanee,n.,16
pitch,guru-guru,adv.,16
"part, fragment",bèka,n.,16
place,era₁,n.,16
"part, piece",èta₂,n.,16
place athwart,palèbhe,vt.,16
partition,roa,n.,16
place name,Holomanu,n.,16
partly,cahag'e,adv.,16
plait,ènyu,v.,16
pass,lènge,vi.,16
plait,èpi,v.,16
passanger,manubha,n.,16
plait,cèbi,vt.,16
pastor,panita,n.,16
plait,tari,vt.,16
paw,cag'ari,v.,16
plane (wood),toru,n.,16
pay,bae,v.,16
"plan.s.t, intercept",sanunu,v.,16
pay,seba,v.,16
plant,lari,v.,16
plastic mat,parlaa,n.,17
plate,pega,n.,17
platform,kalaga-ledo,n.,17
play,karihu,v.,17
plural,si,PART.,17
point to,paj'uj'u,v.,17
poke,dhète,vt.,17
poke; tease,dugu,v.,17
pole,raria,n.,17
poniard; sword,samala,n.,17
porpoise,ruj'u,n.,17
portion,pala,n.,17
possess,unu,v.,17
possession,unu,n.,17
possible,tao,vt,17
possible,tao,adv.,17
pound,abo,v.,17
pound,maj'u,v.,17
pound; step,dhedhe,vt.,17
pour,bhori,v.,17
pour,soli,vt.,17
praise,koa-kio,vt.,17
pray,mangaj'i,vi.,17
pray,sabaj'a,vi.,17
precisely,iie,adv.,17
predict,siri,vt.,17
pregnant; way of wearing cloth,kado,vi.,17
prepare,sadia,vt.,17
press,ènyi,v.,17
press,kabhie,v.,17
press,pacèli,v.,17
press,paka`dhii,vt.,17
press down,marèu,vt.,17
price,kabua,n.,17
pride,koa,v.,17
profit,oto,n.,17
prohibit; forbid,kai,vt.,17
PROH.NEG,baku,neg.,17
promise,jaji,vi.,17
promise,padhadha,vi.,17
prop; sustain,tobe,vt.,17
proscribed,luri,vi.,17
provided that,sad'i,cnj.,17
PROX.PL,se'e,Deic.,17
PROX.SG,ne'e,Deic.,17
public,rae lesa,n.,17
pull,bhiri,v.,17
pull,ère,v.,17
pull,kaso,v.,17
pull,nuni,vt.,17
pull,rèdhe,vt.,17
pull out,name,vt.,17
pull.down,gao,vt.,17
push,saseti-saseti,vi.,17
push,seti,vi.,17
push,tule,vt.,17
put,cape,v.,17
put,sange,v.,17
put.dowel,suki,v.,17
put.s.t.down,padhau,vt.,17
question tag,si,PART.,17
quay,daramaga,n.,17
question,bari,v.,17
question,karèi,v.,17
quick,malai,adv.,17
quick,mèri,adv.,17
quick,rute,adv.,17
quickly; recently,lai-lai,adv.,17
quit,goro,vi.,17
quiz; riddle,pasiri a'ana,n.,17
race-meeting,pasere,v,18
raffia,nyama,n,18
raft,kabhao,n,18
rain,èj'i,n,18
rainbow,saroo,n,18
rainy season,èj'i lai,n,18
raise,doa₁,v,18
rasher,kadhèli₁,n,18
rather,ako,adv,18
rather,j'o,adv,18
raucous,pasebo,vi,18
react; reply,bala,v,18
react.quickly; spontanously,capa,adv,18
really,mema,adv,18
reasonable,roa aae,vi,18
receive,sèmi,prep,18
receptacle,kanate,n,18
recognize; know; broken,tadhe,vt,18
red,mea,adj,18
redeem,sui,v,18
red.tying,sanèpu,v,18
"refer to, point to",j'uj'u,v,18
regret,hale,v,18
relative marker,dhu,cnj,18
release,patabuli,vt,18
release,patalale,vt,18
"remain in vinegar, slice of meat or fish",kadosa,n,18
remaining,ate,n,18
remains,kaha'i,n,18
remember,sanède,vt,18
REM.PL,sèi,Deic,18
REM.SG,nèi,Deic,18
repair; arrange,lalau,vt,18
repair fishing net,pa'ie,vt,18
repugnant,madenge,v,18
residue of oil,agarao,n,18
respond; answer,dhaa,vt,18
restore,puri,vt,18
result in,ue,v,18
retell,lolo₁,vt,18
return,lèpa₁,vi,18
reveal,padelo,vt,18
rice container,bhuti,n,18
rice pestle,aru,n,18
rice.cake,katuka,n,18
ricefield,ma'are,n,18
rich,kaja,adj,18
rich,su'i,adj,18
ridgepole,bhèngu,n,18
rift,sasanga,n,18
right,tare'a,adj,18
right,gana,n,18
right,g'ana,n,18
ring,kadheli,n,18
rinse,lalaa,vt,18
rip of palm leaf,ladha,n,18
ripe,madhasa,adj,18
ripe; mature,madhu'u,adj,18
river,loko,n,18
road,j'ara,n,18
roast,paga,vt,18
robber,parapo,n,18
rock,hadhu,n,18
roll,kaloos,n,18
roll,bhadolu,v,18
roll,hèru,v,18
roll,loli,v,18
roll,lulu,v,18
roll,bhaloli,vt; vi,18
rolled up,loli-loli,v,18
roller,sa'ua,n,18
roof; k.o.seed,badhu,n,18
roof rafter,ailoe,n,18
room,kama,n,18
root,amo,n,18
rope; string,dhari,n,18
Rote,Edha,n,18
rough; sleepy,sakaa,v,18
round,tabolo,adj,18
round,kapepe,n,18
round up,kiu,vt,18
rub,duri,vt.,19
rub,kosa,vt.,19
"rub, grate, rasp",roso,vt.,19
rubbish,mamumu,n.,19
"run, cleared up",rai,v.,19
rupiah,rupiah,n.,19
rust,rutu,adj,19
rust,rutu,v,19
sack,kabhisa,n.,19
sack,karo,n.,19
sack,soka,n.,19
sack; bag,kanoto,n.,19
sail,lai₁,n.,19
salt,masi,n.,19
same,sama,adv.,19
same age,dedena,n.,19
sand,salae,n.,19
sarong,kaepaja,n.,19
sarong,sope,n.,19
sasando,sasadhu,n.,19
satisfied,bècu,vi.,19
Savior,Muri Manadu,n.,19
say; according to,aku,vi.,19
scabies,huni₂,n.,19
scale,nai,n.,19
scattered around.,cebe.lebhe,v.,19
school,sakola,n.,19
scoop,da'u,vt.,19
scoop,soke,vt.,19
scorpion,karaka rai,n.,19
scratch,karo,v.,19
scream,bhesi,vi.,19
scream,pakèce,vi.,19
scream,rodha,vi.,19
scream,parodha,vt.,19
sea,dhasi,n.,19
sea,lèu,n.,19
sea cucumber,manahi,n.,19
secret,pacele,n.,19
see,ladhe,v.,19
see,tèru,v.,19
see,mèdhi,vi.,19
see,"kèdhi, nèdhi, rèdhi mèdhi, ngèdhi, rèdhi",vt.,19
seed,lamusi,n.,19
seed,hini,n.,19
seed container,kapesa,n.,19
"sell, give each other",pahia,v.,19
send,pa'adhu,vt.,19
senile,gagoo,n.,19
senile,malaa-maloha,vi.,19
separate,ma'ète,vt.,19
separate,hag'e,v.,19
separate,cèri,vi.,19
separate;,manyèla,vi.,19
separate out,patèni,v.,19
September,Hadhu lai,n.,19
September; summer,Hèru Hadhu,n.,19
set,maho₃ (),- ,19
set from the bottom,godo,v.,19
set on the side,tie,v.,19
set platform,kalage,v.,19
"set yarn, roll",lolo₂,v.,19
set.board,pape,v.,19
set.dowel,raje,v.,19
seven,pidhu,num.,19
sewing,j'au,vt.,19
shadow,sanabhu,n.,19
shake,dhèko₂,v.,19
shake,gaged'o,vi.,19
shake,hahae,vt.,19
shake,kabènyo,vt.,19
shake,kadègo,vt.,19
shake,kareko,vt.,19
shake,rèko,vt.,19
shall; want,neo,v.,19
shallow sea,dara.lobho,n.,19
share,kula,v.,19
sharp,mad'èka,adj.,19
sheath,sig'i,n.,20
sheet,bèla,n.,20
"sheet, cord",loa,n.,20
shell,kaba,n.,20
shine,kale'e,adj.,20
shine,kacèbha,v.,20
shine,rea,vi.,20
"shine, light",saraa,vi.,20
ship,kapa,n.,20
shirt,kodho,n.,20
shoes,sapatu,n.,20
shoot,subhu,n.,20
shoot at,kasiro,v,20
shoot at,kasiro,n,20
shoot with arrow,cèla,vt.,20
shoreline,babèbha,n.,20
short,bab'a,adj.,20
shoulder,kabela kao,n.,20
shoulder,lasa'ara,n.,20
show up,bhodho,vi.,20
show teeth,sangidhi,v.,20
shuffle down,tamuru,v.,20
shut,katange,v.,20
shy,makae,vi.,20
sick,pèda,vi.,20
side,karasa,n.,20
sign,dhana,n.,20
sign,tadha,n.,20
silver,pudhi,adj.,20
since,karai,cnj.,20
sing,soda,vi.,20
sink,cèna,vi.,20
sink,molo,vi.,20
sister,hèni,n.,20
sit,madèdhi,vi.,20
sitting around,gua-gua,vi.,20
six,èna,num.,20
skin,ka'uri,n.,20
sky,liru,n.,20
slant,kasore,vi.,20
slant,miri,vi.,20
slap,tèbe,v.,20
slaughter,pare,vt.,20
slave,ènu,n.,20
sleep,bhèj'i,vi.,20
slice; sliced,sai,v.,20
slingshot,kahèti,v.,20
slip,tabhèli,v.,20
slip.down,caroco,vi.,20
slipper,salapa,n.,20
slow,nena,adj.,20
slow,babago,adv.,20
small palm container,sabha.koa,n.,20
small,iiki,adj.,20
small; skinny,budha,n.,20
small.container,sabha.tanae,n.,20
"smart, clean",mèu,vi.,20
smarting,bheta,vi.,20
smarting,kete,vi.,20
smarting,malara,vi.,20
smell,ae,v.,20
smith,tuku,vt.,20
smoke,sakido,v.,20
smoke,nono,vt.,20
smoke; have.smoke,sèbu,n,20
smoke; have.smoke,sèbu,vi.,20
smooth,milu,adj.,20
snail,kabalosi,n.,20
snail,kapui,n.,20
snake,mege,n.,20
snap,jèke,v.,20
sneeze,bènyi,vi.,20
snot,marènga,n.,20
so,de,Cnj.,20
so,j'aj'i,Cnj.,20
soak,edhe,v.,20
soap,cabu,n.,20
soft,mako,adj.,20
softly,mau-mau,adv.,20
sole,ai.j'èla,n.,20
sole of foot,j'èla,n.,20
soon,poka-poka,v.,20
sorest,rarii,vi.,20
sorghum,tarae,n.,20
sort,kanici,vt.,20
sort through,raroo,v.,20
so.that,ho,cnj.,20
so.that,sèna,cnj.,20
soul; spirit,manadu,n.,20
sound,lii,n.,20
sound,pagèro,n.,20
sound of thunder,dhèru-dhèru,adj,21
sour,salag'i,n,21
south,balèu,n,21
sow,cebe,v,21
sow,lalobhu,v,21
space between joints,kahècu,n,21
span,eèg'a,n,21
span,èèg'a,n,21
spatter,kaceba,vi,21
spatter,karèce,vi,21
speak,padhae,vi,21
speak,padhai,vt,21
spear,kapoke,n,21
spear,tèbu,v,21
spider,marake,n,21
spill,bhori,v,21
spin,manyèru,v,21
spin,salai,v,21
spit,paru'e,vi,21
spittle,ilu,n,21
splatter; splash,pici,v,21
spontanously,dènge,adv,21
spoon,curu,n,21
spread,cebe,v,21
spread,manyèba,vi,21
spread,lalobhu,vt,21
spread-eagle,tarenga,v,21
sprinkle,tatee,vt,21
spurt,sabhuu,v,21
spy,ma'u,vt,21
spy,patig'i,vt,21
squeeze,g'ag'aru,vt,21
squeeze,g'aru,vt,21
squid,kanuu,n,21
stab,kèj'i,vt,21
stable,oka,n,21
stack,paloko,adv,21
staggered (walk),eko-eko,adv,21
stair,langa,n,21
stalk,ii,n,21
stand,titu,vi,21
stand patiently,dhii-dhii,adv,21
stand steadily,dhoo-dhoo,adv,21
star,hua hètu,n,21
starfish,gage,n,21
startled,cag'ag'a,vi,21
state of dead,gaa-gaa,n,21
stay,kuhu,vi,21
stay,pea,vi,21
stay up,beke,vi,21
steel,waja,n,21
steer,uli,n,21
stem,laa,n,21
stem of canoe's bow,sela,n,21
stem (of leaf),èpa,n,21
stem of palm leaf,èpa bau,n,21
step,pèg,v,21
step,pasèja,vt,21
step on,j'èje,v,21
step on,j'èli,vt,21
stick,bhare,n,21
stick,cèki,n,21
stick,laa,n,21
stick,lui,vt,21
still,era,adv,21
still,lili,adv,21
stingy,rodho,v,21
stir,kakeho,vt,21
stone,hadhu,n,21
stone fence,tèdhe,n,21
stop,tèja,Qnt,21
stop,ae,v,21
stop by; visit,dhuli,vi,21
"stop, divorce",ia,v,21
storage,tatèka,n,21
store; catch.up,tanae,v,21
storm,sagu,vi,21
straight,mola,adj,21
strap,cabili,vt,21
strike,babèke,v,21
strike,kalabhe,vt,21
strike; hit,paru,v,21
stroke,salai,v,21
strong,kadhii,v,21
strong,èra,vi,21
stuck,gitu-gitu,adv,21
stuck,lose,vi,21
stuck up,kajape,v,22
stupid; fatuous,goa,adj,22
substitute,gati,v,22
suddenly,cakalaa,adv,22
suddenly,kabèdhi la'a,adv,22
suddenly,kaca'alaa,adv,22
suddenly,kèbalaa,adv,22
suddenly,sahèka,adv,22
sugar cane,dhèbu,n,22
sugar palm,bole,n,22
summer,Hadhu lai,n,22
summer,hèru hadhu,n,22
sunbathe,manyiru,vi,22
supine,hara-hara,adv,22
support,j'èru,vt,22
surround,oke,vt,22
swallow,dhèle,vt,22
sway,hedu-hedu,vi,22
swear,dhoo,vi,22
swear,subha,vi,22
sweat,kabhèsu,adj,22
sweep,saku,vt,22
sweet,kee,adj,22
sweet potato,sihu loro,n,22
swim,nangi,v,22
swollen,bai,v,22
table,mei,n,22
taboo,luri,vi,22
tag,ku,PART,22
tag,to,tag,22
tail,hèla lai,n,22
tail,rèu lai,n,22
take,nare,v,22
"take care, serve",lalu,v,22
take leave,palango,vi,22
take out,tao.eele,v,22
take out from weaving tool,salake,vt,22
take,kore,vt,22
take,more,vt,22
take,nare,vt,22
take,ngare,vt,22
take,tare,vt,22
take,rara,vt,22
take.apart,bèdi,vt,22
take.out,dhèko,vt,22
tangled,kahèlu,vi,22
tap.lontar,èta,vt,22
tap palm,kèri,vt,22
taste,katède,v,22
taste,ngao,vt,22
tasteless,nèta,n,22
"teach, study, learn",aj'a,v,22
teacher,mese,n,22
tear,ciu,vt,22
telescope,dino,v,22
tell,peka,vi,22
tell a story,lole,vt,22
temple service,kasasi,v,22
tens,nguru,num,22
thanksgiving feast,ringi,v,22
that,nèi,Deic,22
that,ea,deic,22
that big,sangae,adv,22
"that, just now",kèna,adv,22
Timor,Sona.Ba'i,n,22
then,èle ka,cnj,22
then,hèia,cnj,22
then,ho,cnj,22
these,se'e,Deic,22
they; PL,rèngu,pro,22
they(clitic),ra,pro,22
thick,kapulu,adj,22
thick,ma'aa,adj,22
thin,manii,adj,22
thing; good,mèdha,n,22
think,ngee,vi,22
third,katèlu,num,22
this,nenga,deic,22
thorn,dhudhu,n,22
those,sèi (REM.SG),Deic,22
those,sèra (REM.PL),Deic,22
thousand,riho,num.,23
thread,hèngu,n.,23
three,tèlu,num.,23
throw,core,vt.,23
throw,pèci,vt.,23
throw out s.t.,cu'i,vi.,23
throw with stick,kahero,vt.,23
thunder,d'oro,n.,23
tidy up,jingi,v.,23
tie,èki,vt.,23
tiger,meoaasu,n.,23
tighten,taki,vt.,23
tight,taki,vi.,23
time span,patènge,vi.,23
tin,balee,n.,23
tiny,iiki,adj.,23
tip,kabholo,n.,23
tip,suu,n.,23
tip,kolo,n.,23
descent,kolo,n.,23
to,asa,prep.,23
to be offended,pasaree,v.,23
to corner,katate,v.,23
to insert the weaving stick,dede ose,v.,23
to filter rice,naniru,v.,23
to have cock fight,pahua,v.,23
to hook,ga'e,vt.,23
to lift,j'oka,vt.,23
to make s.t. fall down,patahoi,vi.,23
to put tobacco between lips,cag'ig'i,v.,23
to scratch,kao,vt.,23
to row,kao,vt.,23
to stitch together,late,vt.,23
to,ma,prep.,23
toward,ma,PART.,23
to wag,lalète,vt.,23
tobacco,na'i,n.,23
to boil,taroto,vt.,23
to clean,sae,v.,23
to cool,cuhi,vt.,23
today,doe ne'e,n.,23
to filter,saroto,vt.,23
to fish,ceba,v.,23
throw,ceba,v.,23
tomatto,matabai,n.,23
tomorrow,bèli,n.,23
k.o.fruit,bèli,n.,23
too clean,aadha-aadha,adv.,23
too grey,ti'a-ti'a,adv.,23
too (little),oode,adv.,23
too (long),lola-lola,adv.,23
too many (people),ele ruhu,adv.,23
too muddy,bhète-bhète,adv.,23
slimy,bhète-bhète,adv.,23
too (thick),haki-haki,adv.,23
too (thin),bedo-bedo (),adv.,23
too (thin),bhedo-behedo,adv.,23
too green,bidhu-bidhu,adv.,23
tool,nanèu,n.,23
tool,rèka,n.,23
tools,rog'a₁,n.,23
too many,ele.madha,n.,23
too overflow,gari-gari,v.,23
too red,gèu-gèu,adv.,23
too smell,hèu.oone-oone,n.,23
too soundly,goo-goo,adv.,23
tooth,ngutu,n.,23
too white,lao-lao,adv.,23
too yellow,moce-moce,adv.,23
too yellow,mu'e-mu'e,adv.,23
top,kolo,n.,23
to roof,boro,vt.,23
to span,eèg'e,v.,23
to span,èèg'e,vi.,23
toss,core,vt.,23
to stick,pae,v.,23
touch,g'ag'e,vt.,23
touch,katèdhe,vt.,23
touch,jèji,v.,23
pound,jèji,v.,23
toward,mi₁,prep.,23
trade,daga,vt.,23
traditional wedding,beg'a kabho,v.,23
trap,paje,v.,23
trap,taja,v.,23
trapped,luu,vi.,23
sound,luu,vi.,23
tree's foot,kapua,n.,23
tribe,udhu-rasa,n.,23
troubled,carui,n.,23
trouser,baru,n.,23
trunk,kapua,n.,23
try,sèku,v.,23
measure,sèku,v.,23
tuft,huru.madha,n.,23
tuna fish,i'a mabho,n.,23
turmeric,ka'unyi,n.,24
turn,bari₁,v.,24
turn,kabèli,v.,24
turn,pode,vt.,24
turn over,pangèd'u,vt.,24
turning,eo-eo,adv.,24
turning back,sasigo,n.,24
turn over; upside-down,sagèbe,v.,24
turn.s.o.head,kabiba,vi.,24
turtle,ènyu,n.,24
turtle,goa-dano,n.,24
tusk,èli,n.,24
twinkle,cèba-cèba,vi.,24
twist,kalèki,v.,24
twist,karadhe,vt.,24
two,dua,num.,24
uhm,ee,Interj.,24
uncle,to'o,n.,24
uncooked rice,laludhu,n.,24
undo,lècu,vt.,24
"unfold, spread",hèle,v.,24
unhasked rice,madhaa,n.,24
unit,bua₂,n.,24
unmature.fruit; young,kalicu,n.,24
unripe,mamadha,n.,24
until,kore,cnj.,24
until,toke,prep.,24
until,nare₁,vt.,24
until; reach; arrive,dai,vi.,24
upraised,ngede-ngede,v.,24
ups-down,pasoa,v.,24
use; wear,pake,vt.,24
very,ae₁,adv.,24
very,bia,adv.,24
very big,kabhao,n.,24
very (full),idhu-idhu,adv.,24
very.confused,maloha,vi.,24
via; through,re,vi.,24
visit,ngad'o,vt.,24
voice,lii,n.,24
vomit,mèdhu₂,v.,24
waist,kolo keja,n.,24
wait,mate,vi.,24
wait,mata,vt.,24
wake up; surprise,kabèdhi,adv.,24
walk,kako,vi.,24
walk at the beach,oro₂,vt.,24
walking staff,tatea,n.,24
wander,pajo,v.,24
want,ro'o,vt.,24
want,ko'o,vt.,24
want,mo'o,vt.,24
want,no'o,vt.,24
want,to'o,vt.,24
want,ro'o,vt.,24
wao,irii,EXCL.,24
war,musu,n,25
war,musu,v,25
wash,basa,adj,25
wash,lèu,v,25
wash,base,vt,25
wash,rase,vt,25
"wash face, pointed",riu,v,25
water,èi,n,25
water,bui,n,25
water,bui,vt,25
water buffalo,kabao,n,25
watermelon,hua dhimu,n,25
we (clitic),mi₂,pro,25
we (EXCL.),ji'i,pro,25
we (incl.),èdhi,pro,25
we (incl.clitic),ti,pro,25
"weak, molten",roe,v,25
wean,paluri,v,25
wean,sabhi,vt,25
wear,inu,v,25
wear,silu,v,25
"wear, dress.up",nèu₂,vt,25
wear; input,pasaluu,vt,25
weave,manènu,vt,25
weave,tèti,vt,25
weaving motif,hua,n,25
weaving sword,pasèdhu,n,25
weaving tool,sasèdhu,n,25
weaving tool,tatèku,n,25
week,migu,n,25
weeping,hoi,n,25
weighing,tai,v,25
weight,huri,n,25
weight,kadhike,n,25
welcome,sabhu,v,25
welcome,soru,v,25
welcome,sapo,vt,25
well,èi,n,25
west,haa₁,n,25
western people,hiladha,n,25
wet,basa,adj,25
what,ngaa,Qw,25
when,lod'o,cnj,25
when,ropa,cnj,25
where,mia,Qw,25
whereas,ngaa te,cnj,25
while walking,oro-oro,adv,25
whimper; whine,pasale,vi,25
whirligig,pio,n,25
whisper,paholo,v,25
whistle,sasoo,vi,25
white,pudhi,adj,25
white pepper,lada,n,25
whittle,pamariu,vt,25
who,cee,Qw,25
wicked,sobhu,v,25
wickedness,babhelu,n,25
wickedness; evil,katuba,n,25
wide,bhèla,adj,25
width,kabhèla,n,25
wild,bhelu,adj,25
wild,hui₁,v,25
wind,ngèlu,n,25
wing,èla,n,25
wink,ate,v,25
wipe; caress,caro,vt,25
witch,uku.kedi,n,25
with,tao,vt,25
with,tao,adv,25
"with, and",dènge,cnj,25
"withdraw, take out",bete,v,25
withered,kamale,vi,25
wobbling,eeko-eeko,adv,25
woman,bhèni,n,25
woman's sarong,rabhi,n,25
womb,dèlu,n,25
women belt,peni,n,25
wonder; amazed,malaa,v,25
wooden box,kele,n,25
wooden couch,kalaga,n,25
wooden stick,dèbo,n,25
wooden.mallet,rena paru,n,25
Word of God,holonori,n,25
work,saba,v,25
work,tao,vt,25
worm,kalati,n,25
worship,sogo.tagu,n,25
worship,paee'a,vt,25
wound,hisu,n,25
wow,boo,PART,25
wrap,hutu,vt,25
wrap,rapi,vt,25
wrapped,hahilu,vt,25
wrinkle,kakulu,adj,26
write,suri,vt,26
wrong,sala,adj,26
wrong,sale,vi,26
yarn roller,kadea,n,26
year,tèu,n,26
yell,pa'oo,vt,26
yellow,karara,adj,26
yes,ya,Interj,26
yesterday,meda,n,26
you (PL),miu,pro,26
you (clitic),mu,pro,26
you (SG),èu,pro,26
young,ngèru,adj,26
younger sibling,ari,n,26
