source_word,target_word,pos
a,ca,num
a bunch,sagèri,n
a galaxy of,maho,vi
a moment,diki,adv
a part of,hag'e,n
a piece,lai,n
about,ele.boe,adv
maybe,ele.boe,adv
above,dedha,adv
absolutely right,tare'a-re'a,vi
abundant result,sobhu-sobhu,adv
add,tabha,v
add,taba,vi
adhere,kaj'èpe,v
adhere,tai,v
adhere,tapa,vt
adhere,tape,vt
patch on,tape,vt
ador,hèu,n
advice,holonori,n
advise,holo,vt
afoot,pakeko,v
afoot,kalau,vi
afraid,madha'u,vi
after that,èle ka,cnj
after,tare,cnj
until,tare,cnj
afternoon,lod'o nihia,n
afternoon,nihia,n
afterwards,heka,cnj
afterwards,hèia,cnj
again,hari,adv
again,kahèi,adv
aging,ruku,vi
aglow,heo,v
aglow,karoo,v
agree,pare'a,vt
agree,pase,v
match,pase,v
agree,ngètu,vi
nod,ngètu,vi
aha,ha,PART
all,aa'i,adv
all,rarahai,adv
all,teme-teme,adv
all,hua,Qnt
all at once,kaca'a,adv
almost,ita,adv
almost,oe,TAM
alone,mesa,Qnt
already,èle,adv
also,hèi,adv
also,seka hèi,adv
although,masi,cnj
although,masi ka,cnj
amused,capag'ili,vi
anchor,tangad'a,n
anchor,panahu,vi
and,aa,cnj
angry,nasa,v
angry,kacèla,vi
angry,gagai,vt
angry,tao,vt
angry,tao,adv
animal,badha,n
ankle,gage,n
ant,kikidui,n
a pack,kètu,n
apparatus box,rog'a,n
appear,bhodho,vi
appearance,rupa,n
appropriate,lèke,vi
be right,lèke,vi
be touched,lèke,vi
April,Nyale Kole,n
arc,hahusu,n
areca nut,hènyi,n
around,rai reo,vi
arouse,parèi,vt.
arrive,tuu,v.
arrive,tu,vi.
arrogant,koaao,v.
arrow,kataki,vt.
shoot with arrow,kataki,vt.
as,sèmi,prep.
a section,madha,n.
ashamed,makae,vi.
ask,karèi,v.
ask,manèngi,v.
ask,mangao,v.
ask,bari,v.
inquire,bari,v.
aslant,pasoro,—
asphyxia,bèja,vi.
assist,batu,v.
assist,tulu,v.
at close guaters,pahèdhe,n.
at,ètu,prep.
on,ètu,prep.
in,ètu,prep.
at the moment,rapa,cnj.
August,Isi Nèta,n.
aunt,ti'i,n.
auntie,teto,n.
awake,rèmi,vi.
ax,kataka,n.
back,kabodho,n.
bad,aapa,adj.
bad,karehe,adj.
bad odor,hèu bhobho,n.
bail,uusu,v.
bail,dhui,vt.
bait,ani,v.
feed,ani,v.
bake,bhubhu,vt.
balance,bhare,vi.
bamboo,kalaiyèu,n.
ban,pasaseo,vt.
banana,mu'u,n.
bangle,rate,n.
banyan,kabunu,n.
baptize,sarani,vi.
bargain,tihe,v.
base,hui,n.
astern,hui,n.
basket,soe,n.
bat,lai balu mèdi,n.
bat,ni'i,n.
bathe,diu,v.
bayan,madhiri,n.
be able,nia,adv.
be able to,mèke,v.
be broken,masèka,vi.
be careful,paiie,adv.
be cold,maho,vi.
be mine,panyau,vt.
beach,cucu mata,n.
beach,namo,n.
beach,nebhe,n.
beach,tataa,n.
beak,panutu,n.
bear,tago,v.
beat,hake,vt.
beautiful,saraga,adj.
because,lula,cnj.
because,ngèti,cnj.
because,te,cnj.
become,j'aj'i,vi.
bed,koi,n.
bee,oni,n.
behind,kabodho,n.
believe,lèka,v.
belly,d'èlu,n.
belly,kabake,n.
below,haha,adj; n.
belt,dhari.hake,n.
bench,bagu,n.
bequeath,pahu'a,v.
bet,patèka,v.
betel,kanana,n.
bettel-nut container,kapepe,n
bettel-nut container,nana,n
bicycle,sapeda,n
big,dhèbo,adj
big,kapai,adj
big palm container,sabha dhau,n
big (wood),dèbho,adj
bind,iu,vt
bind,tanu,vt
bind,uj'u,vt
bird,manubhui,n
bird sound,kaoo-kaoo,v
bird cage,rèda,n
bite,kadhi,v
bite,tèpu,v
black,mèdi,adj
bleat,kabee,vi
blind,poke,n
blind,bèdhu,vi
blister,kahèu,vi
block,babaa,n
block,abhe,v
hinder,abhe,v
shelter,abhe,v
blood,raa,n
bloom,mare,n
bloom,mare,vi
blossom,hela,n
blow,tiu,vt
blow,tiu,vi
blow,tabhe,vt
hit,tabhe,vt
blowpipe,pupu,n
blunt,topo,adj
board,papa,n
board game,loko,n
boat,ana rajo,n
boat,balu₁,n
boat,koha,n
body,isi,n
body,ngi'u,n
body,ua,n
boil,nasu,v
boil,hare'a,vi
boil water,pai,vt
bold,bani,vi
bolster pillow,nanèlu tabolo,n
bone,rui,n
bop on head,deu,vt
bored,roca,vi
borne,mora iisi,vt
bother,laleko,vt
bottle,boto,n
bow,kaduru,n
bow down,cudu,vi
box,kotak,n
boy,lai ag'o,n
brace,kakai,n
bracelet,kanau,n
brain,kahadhu,n
pregnant,kahadhu,n
brain,kahadhu,v
pregnant,kahadhu,v
branch,dadana,n
branch,kajari,n
branch,kalai,n
branch,kamaki,n
branch,saga,n
brass,riti,n
brave,bani,vi
brazing,tabaga,n
break,lèku,v
breath,ae₂,v
breed,bèba,v
expand,bèba,v
bridewealth,kabua,n
bridge,kalete,n
bridge,kalete,v
bridle,rarapa,n
bring,tèti,vt
bring,todhe,vt
bring,kèti,vt
bring,mèti,vt
bring,nèti,vt
bring,ngèti,vt
bring,rèti,vt
broken,mae,v
broken,laho,vi
broken,padhe,vi
broken,ciu,vt
brother in law,kera,n
brush,seka,v
bullet,pelor,n
bullet,isi,n
volume,isi,n
hook,isi,n
burden,babia,n
burglar,mana'u,v
burn,tunu,v
burnt,kèpu,vi
burst out,uuku-uuku,adv
burst out,pake'e,adv
bury,dhènu,v
bury,padhane,vt
busy,rarepo,v
busy,repo,v
but,"tèngaa, te",conj
butchered,roro,vt
butt,tèbhu,vt
butterfly,kabeba,n
buy,hèli,v
cackle,koko oko,v
cackle,kokoredo,vi
cage,karogo,n
call,paroa,vt
call,lii,v
speak,lii,v
calm,marèngi,n
cambium,kahètu,n
can,balee,n
candle,lili₁,n
candlenut,kamia,n
capital,kapua,n
capital,poko,n
captain,kapatei,n
car,oto,n
care for,leru,vt
see,leru,vt
carry,hue,v
carry,jèru,v
carry,pasae,v
carry,dui,vt
carry,pasa,vt
carry,tebe,vt
cart,gareta,n
wagon,gareta,n
carved,suri,vt
cassava,sihu aj'u,n
cat,meo,n
catastrophe,rai opo,n
catch,kèpe,vt
cave,loe₁,n
cement,samee,n
cemetry,lutu bhatu,n
centimeter,senti,n
chair,kadera,n
change,uba,v
chanting,hini,n
seed,hini,n
charcoal,kadhu,n
charcoal,kalaha'a,n
charm,na'i,n
chase,bate,vt
chase,magèle₁,vt
chase,magèle₂,vt
chase,megèle,vt
chase away,so,v
cheek,ripi,n
cheer,pabaa,v
chest,kabhu,n
chest,kakara,n
chew,panyami,v
chew,mame,vt
chicken,manu,n
chicken spur,pa'iu,n
child,ana,n
chili,sili,n
chin,pangalahii,n
China,Sina,n
chirrup,kio,vi
chisel,pae,n
choke,mati'a,vi
chop,j'ue,vt
chord,lodha₁,n
cigarette,roko,n
circle,kahore,adj
clamp,ngapi,vt
clap,katèju₂,v
clap water,dobho₂,v
clean,j'angi,v
clean up,soso,v
clear,ko'o,vt
cleave,kacèbhe,vt
cleave,sèg'i,v.
crack,sèg'i,v.
cleave,bèka,v.
lacerate,bèka,v.
climb,karèke,vt.
close,kutu,v.
close,bèdho,vt.
close,saguru,vt.
close,cèlu,v.
putty,cèlu,v.
closing,kakutu,n.
cloth,bèla,n.
cloth,kepe,n.
cloth,sig'i,n.
cloud (white),rai liru,n.
cluck,doa₂,vi.
clump,nau,n.
cluster of lontar,nau.dhua,n.
coaxing,rarange,v.
coaxing,solo.mako,v.
cobweb,gaguu,n.
coconut,nyiu,n.
coconut calyx,karoba,n.
coconut fiber,kahunu,n.
coconut's shell,sasule,n.
coffee,kohi,n.
cold,pacuhi,vi.
collapse,guri,vi.
collect,oru,vt.
colorful,karata,adj.
come,mai,vi.
come to,mai asa,
command,paredha,vt.
govern,paredha,vt.
compare,pajojo,vt.
accuse,galaa₁,vt.
demand,galaa₁,vt.
complete,tesa,vi.
condensed,kabhète,adj.
thick,kabhète,adj.
confiscating each other,parame,vt.
connect,patuhu,v.
consider,babenu,v.
consider,kasere,vi.
consider,pajiko,vt.
continue,no-no,TAM.
continue,tao-tao,TAM.
continue,taruu,TAM.
continuously,tino,adv.
cook,pana₂,vt.
cooked rice,kau,n.
corn,tarae.sina,n.
corner,kabicu,n.
cornered,katata,vi.
cotton,kanyahu hèngu,n.
coughed,me'a₂,vi.
count,bareke,v.
count,iga,vt.
cover,katanga,n.
cover,hutu,vt.
crab,karaka,n.
crawl,rodo,vi.
crazy,huj'u,vi.
creep,rodo,vi.
creeping,loro,n.
cresset,suru,n.
crew,mataroo,n.
croak,mag'ao,v.
crock,g'ala,n.
crocodile,baki.hoe,n.
crooked,koe,adj.
bent,koe,adj.
cross,pège,v.
crow,kokotoo,v.
crowd in,malupu,vi.
crowd in,pasèki,vt.
crowded,iia-aala,vi.
crowded,rame,vi.
crown,lèbha,n.
crunchy,kèru-kèru,adv.
crunchy,sakaa,v.
cry,banga.taraa,vi.
cry,tangi,vi.
cry out,taraa,v.
crying aloud,tangi dolo aae,v.
crying sound,ooi-ooi,adv.
crying sound,kii-kii,v.
cup,mago,n.
current,rii,n.
custom,ada,n.
cut,èta₂,v.
cut,poro,v.
cut,tutu,v.
cut,para,vt.
cut,tate,vt.
cut open,sola,vt
cut with scissor,g'ute,v
cut (fish),dhadhe,vt
cuttings of rice,karunu,n
dab,gai,vt
dance,jara,v
dance,ledho,vi
dance,roge,vi
dangle,kaheko,vt
dark,maroga,adj
day,lod'o,n
time,lod'o,n
sun,lod'o,n
daytime,lonètu,n
daytime,mèu,n
daytime,mèu te'e,n
deaf,katele,v
debt,kèlu,n
deed,tatao,n
deep,marèma,adj
definitely,neuka,adv
demon,nidhu,n
dense,bhetu,adj
December,Nyale Sèpu,n
despise,padhèdi,v
destroyed,laho,vi
dew,paringi,n
dice,dobe,n
die,madhe,v
difficult,j'èra,vi
suffer,j'èra,vi
difficulties,dadèdhu,adj
dig,kèi,v
dilligent,maj'èni,adj
dilute,dhobho,vt
dim,rau-rau,adv
dip,cèbu,vt
dirty,hera,adj
dirty,kaj'alu,adj
filthy,kaj'alu,adj
dirty,kaj'alu,n
filthy,kaj'alu,n
discuss,padhue,vi
disentangle,madahu,v
disentangle,uri,v
deal,uri,v
dispart,pakula,v
distance,tatia,n
disturb,rarode,v
dive,cèla,vi
dizzy,madea,v
do laundry,rarumu,vt
doctor,dote,n
dog,busa,n
done,mami,v
don't,mage,neg
afraid,mage,neg
don't,mage,vi
afraid,mage,vi
door,hèba,n
dove,koro j'aha,n
dragonfly,tibhene,n
drawee,kaj'èpe,v
dream,nii,vi
dregs,èto,n
dregs,sota,n
drift ashore,eta,vt
drill,pudhu,v
drink,kinu,vt
drink,minu,vt
drink,ninu,vt
drink,nginu,vt
drink,tinu,vt
drink,rinu,vt
drip,lola,vi
drip,suti,vi
dripping sound,rèji-rèji,v
drive,gili,v
drizzle,rèku-rèku,adv
drop,parèu,vt
drown,molo,vi
drowning,lala o'oo,v
drunk,mahu,vt
dry,mango,adj
dry,mèti,adj
dry,kalèsa,v
dry,kamango,vi
dry in sun,ai,v
dry in sun,gela,v
dry leaves,laloe,n
dry fruit of lontar,kabholo keke,n
dulcify with water,paringi,v
dull,bhaka,v
dust,ahu,n
dysentry,po'e raa,v
each,baka,PART
per,baka,PART
ear,rèu dhilu,n
earrings,ate-ate,n
east,dhimu,n
eat,"ku'a, mu'a, mi'a, na'a, nga'a, ta'a, ra'a",vt
edge,sebhe,n
edge,baboa,n
side,baboa,n
eel,roma,n
egg,kanadhu,n
eggplant,tère,n
egret,ha'u,n
eight,aru,num
eight grams,èma,n
elevate,sode,vt
spoon,sode,vt
embryo,parahi,n
emerge,madhore,v
empty,mola,vi
encounter,range,vt
endure,taha,vt
enemy,musu,n
enemy,musu,v
engraved,suri,vt
enlace,heo,v
enlace,sabhu kaho,v
enough,tèja,Qnt
enough,dai,Qnt
enough,dai,prep
enough,dai,vi
enter,maso,v
enter,nare,vt
escort,lere,vt
accompany,lere,vt
essence,subhi,n
estimated,puku,adv
everyday,ca'a-ca'a,adv
everyday,bèli-bèli,adv
everywhere,lème,n
evict,babège,vt
evict,bhabhoo,vt
evil spirit,nidhu,n
exceed,seli,adv
exchange,pasilu,v
exchange,tuka,v
exit,bhodho,vi
exit,kalua,vi
exit quickly,sabhoka,vi
eye,madha₁,n
eye,musi madha,n
eye brow,rèu madha,n
face,katanga madha,n
face,rohu,n
face,tangara,vi
face powder,madaa,n
facedown,sagèba,v
fall,bèbha,v
fall,kabhui,v
fall,manahu,v
fall,mèlu,vi
fall facedown,mopo-mopo,adv
falling sound,karubhu,n
family,a'a-ari,n
fence post,agarii,n
far,kaj'èu,adj
farewell,palangu,vi
fast,karohe,adv
fast,mèdhu₁,vi
aloud,mèdhu₁,vi
fat,kabèbu,adj
father,ama,n
fathom,rèpa,n
February,Nyale Edha,n
feces,dhèi,n
feed,panga'a,vt
feel,g'ag'e,vt
fell,patue,vt
female,bhèni,n
fence,oka,n
fence stone,tedhe,n
fence wood,lalolo,n
field,mamoo,n
field,pada,n
fight,patèku,vi
fight,pag'ag'a,vt
filings,rarodho,n
fill,isi,v
fill,pèlo,vt
fill forcefully,cèci,vt
filter,sule,v
filter,tatai,vt
filter,sasula,n
sieve,sasula,n
fine,lutu,adj
dense,lutu,adj
finish,haku,v
finish,nare,vt
arrive,nare,vt
finished,meme,vi
finished,èle,v
recover,èle,v
finishing,hi'i,v
fire blower,tatiu,n
fireplace,rao,n
firewood,kadèna,n
firewood,kadhèna,n
fish,i'a,n
fish net,pèku,n
fishhook,malebha,vt
fishing,mad'ulu,v
fish trap,huhu,n
fist,j'ubhu,v
five,lèmi,num
flag,paji,n
flame,kaha'a,n
flame,kaha'a,v
flank,gepe,vt
flat,mera,adj
flat object,kalibhi,n
flat stone,kabela,n
flimsy,tede,adj
float,gamu,n
floating,eebo-eebo,vi
flood,lala,n
floor mat,dhèpi,n
flow,hae,vi
flowing loose,koro-koro,adv
flute,sakino,n
fly,lara,n
fly,matana,v
foal,horo,n
foam,pèko,n
fold,lèpa,vt
fold,lèpe,vt
fold,lidhu,vt
follow,madhutu,v
foot,haga,n
forbidden,luri,vi
force,katèju,v
force,lakaseti,vi
force,panyuu,vi
force,pakaseti,vt
force,pakaseti,vi
forceps,kakatua,n
forehead,katanga rèi,n
forget,bhèlu,vi
formerly,uru,adv
fortunately,malo,adv
four,èpa,num
fragrant,mèngi,vi
blessing,mèngi,vi
free,patabuli,vt
free,iia,adv
common,iia,adv
fried,sèngi,v
friend,anga,n
friend,angalai,n
frighten,bege,vt
from,ngèti,prep
front,madha,n
fruit,hua,n
fruitless,bhob'o,n
full,pènu,vi
full moon,hèru kateme,n
fumigate,sanuu,vt
fur,tumea,n
garbage,maruru,n.
garden,oka,n.
garden,tine,n.
gather,kaboko,vi.
get,abhu,vt.
get into,ca'e,v.
climb,ca'e,v.
ascend,ca'e,v.
get,mera,v.
get,nara,vt.
gingger,lia pana,n.
give,hia,v.
give birth,kora/nara/rara iisi,vi.
give,j'ole,vt.
hand over,j'ole,vt.
hand up,j'ole,vt.
glass,galaa,n.
go along,noo-noo,v.
go arround,reo,vi.
go down,dha'u,vi.
go down,puru,vt.
go home,lèpa,vi.
go outside,podho,vi.
go outside,sali'u,vt.
goat,kahibi,n.
God the creator,horo parahi,n.
gold,hualaa,n.
gong,babha,n.
good,be'a,adj.
good,iia,adj.
gouge,cèru,vt.
lacerate,cèru,vt.
gourd,karèbho,n.
go,laku,vi.
go,lamu,vi.
go,la'e,vi.
go,lami,vi.
go,lati,vi.
go,la'a,vi.
go,lasi,vi.
gram,baj'u,n.
grandchild,èpu,n.
grandfather,baki,n.
grandmother,bèi,n.
grass,j'u'u,n.
great,aae,adj.
big,aae,adj.
green,mangèru,adj.
greet,sabhu,v.
greet,soru,v.
grey,ahu,adj.
grinding,kico-kico,adv.
grindstone,dari,n.
groan,bhesi,vi.
grope,dèu,v.
grope,gogo,v.
grope,d'èu,vt.
ground,rai,n.
land,rai,n.
territory,rai,n.
group,robhonga,n.
group of,maho,n.
grow,bhuku,n.
grow,muri,vi.
grub up,edo,v.
grub up,huki,vt.
gouge,huki,vt.
guard,j'aga,v.
guard,madhenge,vt.
guess,siri,vt.
gun,bhabhua,n.
gun,kasiro,v.
gun,kasiro,n.
guy,la'i aae,n.
half,camalore,vt.
half-cut,bèke,v.
hamper,pahadhe,v.
hand,kacui.aai,n.
hand over,soro,vt.
hand,ai,n.
stingray fish,ai,n.
fire,ai,n.
handkerchief,lesu,n.
handle,uru₁,n.
hang,kadhoe,v.
hang,patahi,vi.
hang,lalodhe,vt.
hanged,lodha₂,v.
happy,karej'e,adj.
hard,adhu,adj.
harvest,puu-g'ètu,vt.
harvest (fishing),osa,n.
hat,solo,n.
have cramps,mela,vi.
have just,heka₁,adv.
have nothing,lao-lao,adv.
have tobacco on lips,sag'ig'i,v.
hawk,manea,n.
head,kapala,n.
head,kètu₁,n.
head,salaka,n.
hear,tadèngi,vi.
heart,dara,n.
heart,usu,n.
heavy,bia,adj.
help,bara,v.
herd,èo,vt.
herd,eo,vt.
turn,eo,vt.
he/she (SG),nèngu,pro.
he/she (SG),ne,pro.
hey,weh,Interj.
hide,lu'u,v.
hide,huni₁,vt.
high tide,dhasi joro,n.
high tide,luu,vi.
high tide,pasa,vt.
high tide,dhasi.uli,n.
highway,oka-hoo,n.
hill,kabhuku,n.
hill,ledhe,n.
hinges,hensel,n.
hip,haleja,n.
hit,dhèto,v.
hit,gama,v.
hit,dhedhe₁,vt.
hit,haka,vt.
hit,mamobo,vt.
hit,rage,vt.
hit gong,babha,v.
hoelike tool,bego,n.
hold,kèd'u,v.
hold,lake,v.
hold,horo₁,vt.
hold,kadhèi,vt.
hold,kèdu,vt.
hold,kèpe,vt.
hold,nèd'u,vt.
hold,saru'u,vt.
hold,sa'u,vt.
hold on,mèdu,v.
hole,ro'a,n.
cemetery,ro'a,n.
Holiday,Hari Besa,n.
Holy Spirit,Manadhu Lai Lodha,n.
honorable,hua iia,adj.
hook,pakai,vi.
hope,maena,vt.
hope,sanao,vt.
horns,tadhu,n.
horse,jara,n.
hot,sagoro,n.
hot,pana₁,vt.
house,èmu,n.
how,tasameramia,Qw.
how,tasamia,Qw.
how many,pèri,Qw.
how much,ca ngaa,Qw.
hug,liku,vt.
embrace,liku,vt.
hull,senta,n.
humid,kabe'e,vi.
hundreds,ngasu,num.
hungry,lojo,vi.
hungry,manganga,vi.
I (clitic),ku₁,pro
I (SG),cèku,pro
I (SG),ja'a,pro
if,teko,adv
if,karii,cnj
if,ladhe,cnj
if only,sèmi,prep
igniter,garu,n
matches,garu,n
in a moment,ciki-diki,adv
in need,to'a,adj
in a row,patia,vi
incredulous,cècu,vt
incubate,tutu,v
indigo,dhau,n
ineptly,leli,adv
injection,jesi,vt
injury,bhabe,n
injury,nu'a,n
in-laws,matu,n
insert,kiju,vt
tuck,kiju,vt
inside,dara,n
inside body,dèlu,n
inside threat (of weaving),pama'a,n
inspect,parisa,v
intact,kateme,adj
intestine,tanèi,n
invite,hoka,vt
invite,nèru,vt
invite,gale,vt
urge,gale,vt
iron,bèsi,n
iron,haj'a,n
island,kabarai,n
island,pulu,n
it means,maso,adv
itch,pèdi,vi
ivory,gadi,n
jail,bui,n
jail,ridhu,vt
January,Ari Nyale,n
January,Tèu Bharu,n
June,Bhui Nidhu,n
traditional ceremony,Bhui Nidhu,n
Japan,Japaa,n
jungle,j'ami,n
Jesus,Jesu,n
just,dhoka,adv
Jote,Jote,n
just,kala'a,TAM
July,Marose,n
just,sène,TAM
jump,boku-boku,adv
jump,bèdhi,v
jump,pasoka,v
jump,soa,v
just now,deo,adv
just now,doe iiki,TAM
kampong,rae,n
keep,tèka,vt
put,tèka,vt
alight,tèka,vt
perch,tèka,vt
kapok,kahèru,n
keep,tèke₁,v
save,tèke₁,v
keel,kèni,n
postpone,budu.tèke,v.
kick,katuju,vt.
kidding,aka,v.
kiss,uu,v.
kitchen,dapu,n.
knee,urutuu,n.
knife,tudi,n.
knife case,sope tudi,n.
know,ke'a,vt.
know,me'a,vt.
know,ne'a,vt.
know,nge'a,vt.
know,te'a,vt.
know,re'a,vt.
container,gagiti,n.
kueh,koki,n.
lack,dadèdhu,adj.
ladle,pangala,n.
lake,dano,n.
lamp,labhu,n.
land,dae,n.
language,lii,n.
lap,iha,n.
large,kapai,adj.
large turledove,koro,n.
larynx,koko,n.
lasso,sasii,n.
later,pe,adv.
latest,limuri,adv.
last,limuri,adv.
laugh,radhu,v.
laugh,mari,vt.
lazy,talej'e,v.
lazy,baieeda,vi.
lazy,haa-bai,vi.
leader,kapala,n.
leader,katua,n.
leaf,rèu,n.
leafless,motu,adj.
leafy,rapo,n.
leak through,katiti,v.
lean on,sarai,v.
leave,lega,v.
leave,lege,vi.
leave,pakèdi,vi.
leave behind,tèke,v.
leave,dhiu,vi.
left,kariu,n.
leg,haga,n.
legend,nanuku,n.
lemon,j'èru sina,n.
less,kura,vi.
lest,aeka,cnj.
let,hudi,v.
not care,hudi,v.
level,tada,n.
lever,cui,v.
lie,ag'o,v.
lie,bèle,vi.
lie,leko-monya,vi.
lie,pasili,vt.
cross,palèbha,v.
lift,boti,v.
lift,dede,vt.
lift up,nedhe,v.
lifted up,boti-boti,adv.
light,samaa,adj.
lightning,bela,n.
like,sèmi,prep.
like,dèi,vt.
liken,paloa,vi.
Like or dislike,neu-neu,adv.
absolutely,neu-neu,adv.
lime,ao,n.
lime powder container,tiba,n.
lips,panyoro,n.
listen,nanene,v.
little,ciki,adj.
live,muri,vi.
liver,adhe,n.
lizard,ana sapa,n.
lizard,tèke,n.
in,buli,prep.
lock,goe,vt.
logs,aj'u,n.
wood,aj'u,n.
tree,aj'u,n.
mud,lobho,n.
long,madhera,adj.
long time,nèbhu,adj.
lontar/coconut leaf,rèu suru,n.
lontar palm,kèli,n.
lontar stem with thorn,saga.roro,n.
look around,oro,v.
look after,kaboi,vt.
rear,kaboi,vt.
raise,kaboi,vt.
loom,lore,n.
loose,golo,adj.
loosen,cèpu,vt.
loosen bowels,po'e,vi
Lord,Lamatua,n
lose,ele,vi
lose,meme,vi
lose,mèle,vi
loss,balu₂,n
loss,balu₂,adj
louse,udhu,n
love,sue,vt
low,haha,adj
low,haha,n
low tide,mara,n
low tide,rèmi,n
lung,haa₂,n
machete,hela,n
make,tao,vt
make,tao,adv
make known,padelo,vt
make salt,marèi,vt
awake,marèi,vt
make conspicuous,adu ue,vi
make layer,labhi,vt
make noise,bhute,v
make oval,dobho₁,v
Malay,Malai,n
male,mone,n
male,la'i,n
man,mone,n
manage,pangèci,v
manage,lalo'o,vt
manggo,pao,n
manner,j'ara,n
way,j'ara,n
many,ae₁,adj
marbles,ana bhadolu,n
March,Nyale Dhao,n
marry,kabi,vi
match,mèci,adv
material,nèu₁,n
mattress,bosalaa,n
May,Hèru Holomanu,n
maybe,sina,cnj
meaning,sasoa,n
measure,uku,v
do magic,uku,v
meat,sisi,n
medicine,na'i,n
meet,raga,vt
melt,libu,v
melted mucus,tabhu'u,v
mention,ale,vt
message,moa,vi
middle,ta,adv
middle,talora,n
million,kehi,num
mist,bhuru,n
mix,pakihu,vt
mock,padhidhi,vt
model,mode,n
moist,kabe'e,vi
momentarily,none,adv
money,doi,n
money,kajii,n
monkey,kode,n
moon,hèru,n
month,hèru,n
more,risi,adv
moringa,jihona,n
moringa,j'ihona,n
morning,madae,n
morta,ngècu,n
mother,ina,n
mother,mama,n
mother,rena,n
motherless,lalu,n
motif,sasau,n
moti'f,pajala,n
mountain,ledhe,n
mountain side,lia,n
mourn,balu₃,v
mouse,maraho,n
mouth,hèba,n
mouth,suu panutu,n
move,eso,v
move,hari,vi
move,pidha,vi
move,hiki,vt
Mr,ama,n.
Mr,Lamatua,n.
mud,kabheca,n.
mud,lub'u,n.
muddy,kabhèca,v.
mug,moo,n.
name,ngara,n.
name of fish,kalij'u,n.
namely,nuka,adv.
as,nuka,adv.
nape,hui kehi,n.
nape,lasa ara,n.
narrow,kobo,adj.
navel,èsu,n.
Ndao,Dhao,n.
near,dètu,v.
nearly,nia,adv.
nearly,oe-eo,TAM.
neck,ladhagoro,n.
neck,lakoko,n.
nerve,kalua,n.
nest,rèdha,n.
net,dhai,n.
net,j'ala,n.
new,hiu,adj.
New Year,Tèu Bharu,n.
nice,be'a,adj.
night,mèda,n.
nine,ceo,num.
no,aad'o,neg.
no longer,heka,neg.
noon,lod'o nètu,n.
noon,titu mera,n.
normally,ca'a-ca'a,adv.
north,badae,n.
not,boe,neg.
not move,kaloo,v.
notch,tanu'i,n.
nothing,hua,adv.
not stop,bau boe,neg.
not yet,dhae,neg.
November,Matena,n.
nurse,matarii,n.
oar,sehe,n.
October,Hadhu aae,n.
October,Hèru Hadhu aae,n.
octopus,kapaj'u,n.
offer,paj'ojo,vt.
oh,o,EXCL.
oh,oo,Interj.
oh my God,ira e,—
oil,lèngi,n.
oil,mènyi,n.
fat,mènyi,n.
old,dhui,adj.
older sibling,a'a,n.
once,catèka,adv.
once,sèka,v.
one,ci'u,num.
one,èci,num.
one,cue,num.
a,cue,num.
onion,lasona,n.
only,dho-dhoka,adv.
only,di,adv.
only,mèra,adv.
only,tao,vt ; adv.
ooh,eea,EXCL.
ooh,wa,EXCL.
gosh,wa,EXCL.
ouch,inaa,EXCL.
open,bhoke,vt.
open,conge,vt.
outside,li'u,adv.
outside,baboro,n.
open ceremony,caro.nadha,n.
overflow,lala,vi.
overflow,lale,vi.
oppose,laba,vt.
oppose,sisu,vt.
overlap,ènyi,v.
overlapping,manya'e,vi.
or,do,Cnj; PART;.
overshade,leo₂,vi.
shelter,leo₂,vi.
order,paleha,vt.
own,dènge,v.
order,pua,vt.
owner of boat,juraga,n.
other,leo₁,adj.
pacify,paiia,vi.
pea,kabui,n.
paddy,are,v.
cross,are,v.
peace,dame₁,v.
paint,dule,v.
peel,kacici,v.
paint,dame₂,vt.
peel,kaliji,v.
pair,sase,v.
peep at,ma'u,vt.
palm beam,kabhèu,n.
pencil,potoloo,n.
palm fiber,kadhai,n.
person,dhèu,n.
persuade,leko,v.
palmjuice,dhua,n.
sap,dhua,n.
petrescent,mèje,n; vi.
palpitate,kadhèko,v.
phalange,sasesu,n.
pandanus,lata,n.
pick,puu,v.
panting (walk),eepo-eepo,adv.
pick,g'ètu,vt.
pants,baruku,n.
piece,tète,v.
pants,baru,n.
piece,roro,vt.
pants,lamakera,n.
pig,hahi,n.
papaya,lolobhangi,n.
pile,udu,vt.
papyrus,tula,n.
pile up,tègu,vi.
parcel,bugu,n.
pillow,nanèlu,n.
part,kadhèli₂,n.
pinch,ku'u,vt.
part,kanee,n.
pitch,guru-guru,adv.
part,bèka,n.
fragment,bèka,n.
place,era₁,n.
part,èta₂,n.
piece,èta₂,n.
place athwart,palèbhe,vt.
partition,roa,n.
place name,Holomanu,n.
partly,cahag'e,adv.
plait,ènyu,v.
pass,lènge,vi.
plait,èpi,v.
passanger,manubha,n.
plait,cèbi,vt.
pastor,panita,n.
plait,tari,vt.
paw,cag'ari,v.
plane (wood),toru,n.
pay,bae,v.
intercept,sanunu,v.
pay,seba,v.
plant,lari,v.
plastic mat,parlaa,n.
plate,pega,n.
platform,kalaga-ledo,n.
play,karihu,v.
plural,si,PART.
point to,paj'uj'u,v.
poke,dhète,vt.
poke,dugu,v.
tease,dugu,v.
pole,raria,n.
poniard,samala,n.
sword,samala,n.
porpoise,ruj'u,n.
portion,pala,n.
possess,unu,v.
possession,unu,n.
possible,tao,vt
possible,tao,adv.
pound,abo,v.
pound,maj'u,v.
pound,dhedhe,vt.
step,dhedhe,vt.
pour,bhori,v.
pour,soli,vt.
praise,koa-kio,vt.
pray,mangaj'i,vi.
pray,sabaj'a,vi.
precisely,iie,adv.
predict,siri,vt.
pregnant,kado,vi.
way of wearing cloth,kado,vi.
prepare,sadia,vt.
press,ènyi,v.
press,kabhie,v.
press,pacèli,v.
press,paka`dhii,vt.
press down,marèu,vt.
price,kabua,n.
pride,koa,v.
profit,oto,n.
prohibit,kai,vt.
forbid,kai,vt.
promise,jaji,vi.
promise,padhadha,vi.
prop,tobe,vt.
sustain,tobe,vt.
proscribed,luri,vi.
provided that,sad'i,cnj.
public,rae lesa,n.
pull,bhiri,v.
pull,ère,v.
pull,kaso,v.
pull,nuni,vt.
pull,rèdhe,vt.
pull out,name,vt.
push,saseti-saseti,vi.
push,seti,vi.
push,tule,vt.
put,cape,v.
put,sange,v.
question tag,si,PART.
quay,daramaga,n.
question,bari,v.
question,karèi,v.
quick,malai,adv.
quick,mèri,adv.
quick,rute,adv.
quickly,lai-lai,adv.
recently,lai-lai,adv.
quit,goro,vi.
quiz,pasiri a'ana,n.
riddle,pasiri a'ana,n.
race-meeting,pasere,v
raffia,nyama,n
raft,kabhao,n
rain,èj'i,n
rainbow,saroo,n
rainy season,èj'i lai,n
raise,doa₁,v
rasher,kadhèli₁,n
rather,ako,adv
rather,j'o,adv
raucous,pasebo,vi
react,bala,v
reply,bala,v
spontanously,capa,adv
really,mema,adv
reasonable,roa aae,vi
receive,sèmi,prep
receptacle,kanate,n
recognize,tadhe,vt
know,tadhe,vt
broken,tadhe,vt
red,mea,adj
redeem,sui,v
refer to,j'uj'u,v
point to,j'uj'u,v
regret,hale,v
relative marker,dhu,cnj
release,patabuli,vt
release,patalale,vt
remain in vinegar,kadosa,n
slice of meat or fish,kadosa,n
remaining,ate,n
remains,kaha'i,n
remember,sanède,vt
repair,lalau,vt
arrange,lalau,vt
repair fishing net,pa'ie,vt
repugnant,madenge,v
residue of oil,agarao,n
respond,dhaa,vt
answer,dhaa,vt
restore,puri,vt
result in,ue,v
retell,lolo₁,vt
return,lèpa₁,vi
reveal,padelo,vt
rice container,bhuti,n
rice pestle,aru,n
ricefield,ma'are,n
rich,kaja,adj
rich,su'i,adj
ridgepole,bhèngu,n
rift,sasanga,n
right,tare'a,adj
right,gana,n
right,g'ana,n
ring,kadheli,n
rinse,lalaa,vt
rip of palm leaf,ladha,n
ripe,madhasa,adj
ripe,madhu'u,adj
mature,madhu'u,adj
river,loko,n
road,j'ara,n
roast,paga,vt
robber,parapo,n
rock,hadhu,n
roll,kaloos,n
roll,bhadolu,v
roll,hèru,v
roll,loli,v
roll,lulu,v
roll,bhaloli,vt; vi
rolled up,loli-loli,v
roller,sa'ua,n
roof,badhu,n
roof rafter,ailoe,n
room,kama,n
root,amo,n
rope,dhari,n
string,dhari,n
Rote,Edha,n
rough,sakaa,v
sleepy,sakaa,v
round,tabolo,adj
round,kapepe,n
round up,kiu,vt
rub,duri,vt.
rub,kosa,vt.
rub,roso,vt.
grate,roso,vt.
rasp,roso,vt.
rubbish,mamumu,n.
run,rai,v.
cleared up,rai,v.
rupiah,rupiah,n.
rust,rutu,adj
rust,rutu,v
sack,kabhisa,n.
sack,karo,n.
sack,soka,n.
sack,kanoto,n.
bag,kanoto,n.
sail,lai₁,n.
salt,masi,n.
same,sama,adv.
same age,dedena,n.
sand,salae,n.
sarong,kaepaja,n.
sarong,sope,n.
sasando,sasadhu,n.
satisfied,bècu,vi.
Savior,Muri Manadu,n.
say,aku,vi.
according to,aku,vi.
scabies,huni₂,n.
scale,nai,n.
school,sakola,n.
scoop,da'u,vt.
scoop,soke,vt.
scorpion,karaka rai,n.
scratch,karo,v.
scream,bhesi,vi.
scream,pakèce,vi.
scream,rodha,vi.
scream,parodha,vt.
sea,dhasi,n.
sea,lèu,n.
sea cucumber,manahi,n.
secret,pacele,n.
see,ladhe,v.
see,tèru,v.
see,mèdhi,vi.
see,"kèdhi, nèdhi, rèdhi mèdhi, ngèdhi, rèdhi",vt.
seed,lamusi,n.
seed,hini,n.
seed container,kapesa,n.
sell,pahia,v.
give each other,pahia,v.
send,pa'adhu,vt.
senile,gagoo,n.
senile,malaa-maloha,vi.
separate,ma'ète,vt.
separate,hag'e,v.
separate,cèri,vi.
separate,manyèla,vi.
separate out,patèni,v.
September,Hadhu lai,n.
September,Hèru Hadhu,n.
summer,Hèru Hadhu,n.
set,maho₃ (),- 
set from the bottom,godo,v.
set on the side,tie,v.
set platform,kalage,v.
set yarn,lolo₂,v.
roll,lolo₂,v.
seven,pidhu,num.
sewing,j'au,vt.
shadow,sanabhu,n.
shake,dhèko₂,v.
shake,gaged'o,vi.
shake,hahae,vt.
shake,kabènyo,vt.
shake,kadègo,vt.
shake,kareko,vt.
shake,rèko,vt.
shall,neo,v.
want,neo,v.
shallow sea,dara.lobho,n.
share,kula,v.
sharp,mad'èka,adj.
sheath,sig'i,n.
sheet,bèla,n.
sheet,loa,n.
cord,loa,n.
shell,kaba,n.
shine,kale'e,adj.
shine,kacèbha,v.
shine,rea,vi.
shine,saraa,vi.
light,saraa,vi.
ship,kapa,n.
shirt,kodho,n.
shoes,sapatu,n.
shoot,subhu,n.
shoot at,kasiro,v
shoot at,kasiro,n
shoot with arrow,cèla,vt.
shoreline,babèbha,n.
short,bab'a,adj.
shoulder,kabela kao,n.
shoulder,lasa'ara,n.
show up,bhodho,vi.
show teeth,sangidhi,v.
shuffle down,tamuru,v.
shut,katange,v.
shy,makae,vi.
sick,pèda,vi.
side,karasa,n.
sign,dhana,n.
sign,tadha,n.
silver,pudhi,adj.
since,karai,cnj.
sing,soda,vi.
sink,cèna,vi.
sink,molo,vi.
sister,hèni,n.
sit,madèdhi,vi.
sitting around,gua-gua,vi.
six,èna,num.
skin,ka'uri,n.
sky,liru,n.
slant,kasore,vi.
slant,miri,vi.
slap,tèbe,v.
slaughter,pare,vt.
slave,ènu,n.
sleep,bhèj'i,vi.
slice,sai,v.
sliced,sai,v.
slingshot,kahèti,v.
slip,tabhèli,v.
slipper,salapa,n.
slow,nena,adj.
slow,babago,adv.
small palm container,sabha.koa,n.
small,iiki,adj.
small,budha,n.
skinny,budha,n.
smart,mèu,vi.
clean,mèu,vi.
smarting,bheta,vi.
smarting,kete,vi.
smarting,malara,vi.
smell,ae,v.
smith,tuku,vt.
smoke,sakido,v.
smoke,nono,vt.
smoke,sèbu,n
smoke,sèbu,vi.
smooth,milu,adj.
snail,kabalosi,n.
snail,kapui,n.
snake,mege,n.
snap,jèke,v.
sneeze,bènyi,vi.
snot,marènga,n.
so,de,Cnj.
so,j'aj'i,Cnj.
soak,edhe,v.
soap,cabu,n.
soft,mako,adj.
softly,mau-mau,adv.
sole,ai.j'èla,n.
sole of foot,j'èla,n.
soon,poka-poka,v.
sorest,rarii,vi.
sorghum,tarae,n.
sort,kanici,vt.
sort through,raroo,v.
soul,manadu,n.
spirit,manadu,n.
sound,lii,n.
sound,pagèro,n.
sound of thunder,dhèru-dhèru,adj
sour,salag'i,n
south,balèu,n
sow,cebe,v
sow,lalobhu,v
space between joints,kahècu,n
span,eèg'a,n
span,èèg'a,n
spatter,kaceba,vi
spatter,karèce,vi
speak,padhae,vi
speak,padhai,vt
spear,kapoke,n
spear,tèbu,v
spider,marake,n
spill,bhori,v
spin,manyèru,v
spin,salai,v
spit,paru'e,vi
spittle,ilu,n
splatter,pici,v
splash,pici,v
spontanously,dènge,adv
spoon,curu,n
spread,cebe,v
spread,manyèba,vi
spread,lalobhu,vt
spread-eagle,tarenga,v
sprinkle,tatee,vt
spurt,sabhuu,v
spy,ma'u,vt
spy,patig'i,vt
squeeze,g'ag'aru,vt
squeeze,g'aru,vt
squid,kanuu,n
stab,kèj'i,vt
stable,oka,n
stack,paloko,adv
staggered (walk),eko-eko,adv
stair,langa,n
stalk,ii,n
stand,titu,vi
stand patiently,dhii-dhii,adv
stand steadily,dhoo-dhoo,adv
star,hua hètu,n
starfish,gage,n
startled,cag'ag'a,vi
state of dead,gaa-gaa,n
stay,kuhu,vi
stay,pea,vi
stay up,beke,vi
steel,waja,n
steer,uli,n
stem,laa,n
stem of canoe's bow,sela,n
stem (of leaf),èpa,n
stem of palm leaf,èpa bau,n
step,pèg,v
step,pasèja,vt
step on,j'èje,v
step on,j'èli,vt
stick,bhare,n
stick,cèki,n
stick,laa,n
stick,lui,vt
still,era,adv
still,lili,adv
stingy,rodho,v
stir,kakeho,vt
stone,hadhu,n
stone fence,tèdhe,n
stop,tèja,Qnt
stop,ae,v
stop by,dhuli,vi
visit,dhuli,vi
stop,ia,v
divorce,ia,v
storage,tatèka,n
store,tanae,v
storm,sagu,vi
straight,mola,adj
strap,cabili,vt
strike,babèke,v
strike,kalabhe,vt
strike,paru,v
hit,paru,v
stroke,salai,v
strong,kadhii,v
strong,èra,vi
stuck,gitu-gitu,adv
stuck,lose,vi
stuck up,kajape,v
stupid,goa,adj
fatuous,goa,adj
substitute,gati,v
suddenly,cakalaa,adv
suddenly,kabèdhi la'a,adv
suddenly,kaca'alaa,adv
suddenly,kèbalaa,adv
suddenly,sahèka,adv
sugar cane,dhèbu,n
sugar palm,bole,n
summer,Hadhu lai,n
summer,hèru hadhu,n
sunbathe,manyiru,vi
supine,hara-hara,adv
support,j'èru,vt
surround,oke,vt
swallow,dhèle,vt
sway,hedu-hedu,vi
swear,dhoo,vi
swear,subha,vi
sweat,kabhèsu,adj
sweep,saku,vt
sweet,kee,adj
sweet potato,sihu loro,n
swim,nangi,v
swollen,bai,v
table,mei,n
taboo,luri,vi
tag,ku,PART
tag,to,tag
tail,hèla lai,n
tail,rèu lai,n
take,nare,v
take care,lalu,v
serve,lalu,v
take leave,palango,vi
take out,tao.eele,v
take out from weaving tool,salake,vt
take,kore,vt
take,more,vt
take,nare,vt
take,ngare,vt
take,tare,vt
take,rara,vt
tangled,kahèlu,vi
tap palm,kèri,vt
taste,katède,v
taste,ngao,vt
tasteless,nèta,n
teach,aj'a,v
study,aj'a,v
learn,aj'a,v
teacher,mese,n
tear,ciu,vt
telescope,dino,v
tell,peka,vi
tell a story,lole,vt
temple service,kasasi,v
tens,nguru,num
thanksgiving feast,ringi,v
that,nèi,Deic
that,ea,deic
that big,sangae,adv
that,kèna,adv
just now,kèna,adv
Timor,Sona.Ba'i,n
then,èle ka,cnj
then,hèia,cnj
then,ho,cnj
these,se'e,Deic
they,rèngu,pro
PL,rèngu,pro
they(clitic),ra,pro
thick,kapulu,adj
thick,ma'aa,adj
thin,manii,adj
thing,mèdha,n
good,mèdha,n
think,ngee,vi
third,katèlu,num
this,nenga,deic
thorn,dhudhu,n
those,sèi (REM.SG),Deic
those,sèra (REM.PL),Deic
thousand,riho,num.
thread,hèngu,n.
three,tèlu,num.
throw,core,vt.
throw,pèci,vt.
throw with stick,kahero,vt.
thunder,d'oro,n.
tidy up,jingi,v.
tie,èki,vt.
tiger,meoaasu,n.
tighten,taki,vt.
tight,taki,vi.
time span,patènge,vi.
tin,balee,n.
tiny,iiki,adj.
tip,kabholo,n.
tip,suu,n.
tip,kolo,n.
descent,kolo,n.
to,asa,prep.
to be offended,pasaree,v.
to corner,katate,v.
to insert the weaving stick,dede ose,v.
to filter rice,naniru,v.
to have cock fight,pahua,v.
to hook,ga'e,vt.
to lift,j'oka,vt.
to put tobacco between lips,cag'ig'i,v.
to scratch,kao,vt.
to row,kao,vt.
to stitch together,late,vt.
to,ma,prep.
toward,ma,PART.
to wag,lalète,vt.
tobacco,na'i,n.
to boil,taroto,vt.
to clean,sae,v.
to cool,cuhi,vt.
today,doe ne'e,n.
to filter,saroto,vt.
to fish,ceba,v.
throw,ceba,v.
tomatto,matabai,n.
tomorrow,bèli,n.
too clean,aadha-aadha,adv.
too grey,ti'a-ti'a,adv.
too (little),oode,adv.
too (long),lola-lola,adv.
too many (people),ele ruhu,adv.
too muddy,bhète-bhète,adv.
slimy,bhète-bhète,adv.
too (thick),haki-haki,adv.
too (thin),bedo-bedo (),adv.
too (thin),bhedo-behedo,adv.
too green,bidhu-bidhu,adv.
tool,nanèu,n.
tool,rèka,n.
tools,rog'a₁,n.
too many,ele.madha,n.
too overflow,gari-gari,v.
too red,gèu-gèu,adv.
too smell,hèu.oone-oone,n.
too soundly,goo-goo,adv.
tooth,ngutu,n.
too white,lao-lao,adv.
too yellow,moce-moce,adv.
too yellow,mu'e-mu'e,adv.
top,kolo,n.
to roof,boro,vt.
to span,eèg'e,v.
to span,èèg'e,vi.
toss,core,vt.
to stick,pae,v.
touch,g'ag'e,vt.
touch,katèdhe,vt.
touch,jèji,v.
pound,jèji,v.
toward,mi₁,prep.
trade,daga,vt.
traditional wedding,beg'a kabho,v.
trap,paje,v.
trap,taja,v.
trapped,luu,vi.
sound,luu,vi.
tree's foot,kapua,n.
tribe,udhu-rasa,n.
troubled,carui,n.
trouser,baru,n.
trunk,kapua,n.
try,sèku,v.
measure,sèku,v.
tuft,huru.madha,n.
tuna fish,i'a mabho,n.
turmeric,ka'unyi,n.
turn,bari₁,v.
turn,kabèli,v.
turn,pode,vt.
turn over,pangèd'u,vt.
turning,eo-eo,adv.
turning back,sasigo,n.
turn over,sagèbe,v.
upside-down,sagèbe,v.
turtle,ènyu,n.
turtle,goa-dano,n.
tusk,èli,n.
twinkle,cèba-cèba,vi.
twist,kalèki,v.
twist,karadhe,vt.
two,dua,num.
uhm,ee,Interj.
uncle,to'o,n.
uncooked rice,laludhu,n.
undo,lècu,vt.
unfold,hèle,v.
spread,hèle,v.
unhasked rice,madhaa,n.
unit,bua₂,n.
young,kalicu,n.
unripe,mamadha,n.
until,kore,cnj.
until,toke,prep.
until,nare₁,vt.
until,dai,vi.
reach,dai,vi.
arrive,dai,vi.
upraised,ngede-ngede,v.
ups-down,pasoa,v.
use,pake,vt.
wear,pake,vt.
very,ae₁,adv.
very,bia,adv.
very big,kabhao,n.
very (full),idhu-idhu,adv.
via,re,vi.
through,re,vi.
visit,ngad'o,vt.
voice,lii,n.
vomit,mèdhu₂,v.
waist,kolo keja,n.
wait,mate,vi.
wait,mata,vt.
wake up,kabèdhi,adv.
surprise,kabèdhi,adv.
walk,kako,vi.
walk at the beach,oro₂,vt.
walking staff,tatea,n.
wander,pajo,v.
want,ro'o,vt.
want,ko'o,vt.
want,mo'o,vt.
want,no'o,vt.
want,to'o,vt.
wao,irii,EXCL.
war,musu,n
war,musu,v
wash,basa,adj
wash,lèu,v
wash,base,vt
wash,rase,vt
wash face,riu,v
pointed,riu,v
water,èi,n
water,bui,n
water,bui,vt
water buffalo,kabao,n
watermelon,hua dhimu,n
we (clitic),mi₂,pro
weak,roe,v
molten,roe,v
wean,paluri,v
wean,sabhi,vt
wear,inu,v
wear,silu,v
wear,nèu₂,vt
wear,pasaluu,vt
input,pasaluu,vt
weave,manènu,vt
weave,tèti,vt
weaving motif,hua,n
weaving sword,pasèdhu,n
weaving tool,sasèdhu,n
weaving tool,tatèku,n
week,migu,n
weeping,hoi,n
weighing,tai,v
weight,huri,n
weight,kadhike,n
welcome,sabhu,v
welcome,soru,v
welcome,sapo,vt
well,èi,n
west,haa₁,n
western people,hiladha,n
wet,basa,adj
what,ngaa,Qw
when,lod'o,cnj
when,ropa,cnj
where,mia,Qw
whereas,ngaa te,cnj
while walking,oro-oro,adv
whimper,pasale,vi
whine,pasale,vi
whirligig,pio,n
whisper,paholo,v
whistle,sasoo,vi
white,pudhi,adj
white pepper,lada,n
whittle,pamariu,vt
who,cee,Qw
wicked,sobhu,v
wickedness,babhelu,n
wickedness,katuba,n
evil,katuba,n
wide,bhèla,adj
width,kabhèla,n
wild,bhelu,adj
wild,hui₁,v
wind,ngèlu,n
wing,èla,n
wink,ate,v
wipe,caro,vt
caress,caro,vt
witch,uku.kedi,n
with,tao,vt
with,tao,adv
with,dènge,cnj
and,dènge,cnj
withdraw,bete,v
take out,bete,v
withered,kamale,vi
wobbling,eeko-eeko,adv
woman,bhèni,n
woman's sarong,rabhi,n
womb,dèlu,n
women belt,peni,n
wonder,malaa,v
amazed,malaa,v
wooden box,kele,n
wooden couch,kalaga,n
wooden stick,dèbo,n
Word of God,holonori,n
work,saba,v
work,tao,vt
worm,kalati,n
worship,sogo.tagu,n
worship,paee'a,vt
wound,hisu,n
wow,boo,PART
wrap,hutu,vt
wrap,rapi,vt
wrapped,hahilu,vt
wrinkle,kakulu,adj
write,suri,vt
wrong,sala,adj
wrong,sale,vi
yarn roller,kadea,n
year,tèu,n
yell,pa'oo,vt
yellow,karara,adj
yes,ya,Interj
yesterday,meda,n
you (PL),miu,pro
you (clitic),mu,pro
you (SG),èu,pro
young,ngèru,adj
younger sibling,ari,n
wood,aj'u,
logs,aj'u,
woman,bhèni,
rope,dhari,
rice cake,katuka,
mountain,ledhe,
hill,ledhe,
handkerchief,lesu,
snake,mege,
table,mei,
cat,meo,
teacher,mese,
man,mone,
plate,pega,
women belt,peni,
weaving sword,pasèdhu,
knife,tudi,
lever,adhe,
foot,haga,
leg,haga,
thigh,haleja,
mouth,hèbha,
belly,kabake,
back,kabodho,
brain,kahadhu,
eleven,canguru èci,
twelve,canguru dua,
twenty,dua nguru,
twenty-one,dua nguru èci,
thirty,tèlu nguru,
forty,èpa nguru,
one hundred and one,cangasu èci,
four hundred,èpa ngasu,
one hundred and eleven,cangasu canguru èci,
one point zero one,cariho caguru,
one point one,cariho cangasu,
forty,èpa nguru riho,
one hundred,cangasu riho,
one point five seven three,cariho lèmi ngasu pidhu nguru tèlu,
one per two,camalore,
two one per two,dua dènge camalore,
five one per two,lèmi dènge camalore,
ten one per two,canguru dènge camalore,
first,ka-èci,
second,ka-dua,
third,ka-tèlu,
ninth,ka-ceo,
tenth,ka-canguru,
eleventh,ka-canguru èci,
once,catèka,
twice,dua hari,
three times,tèlu hari,
ten times,canguru hari,
to crow,kokotoo,
to dance,roge,
to spread,manyèba,
to cry,tangi,
to pound,abo,
to pour,bhori,
to hit,game,
to dig,kèi,
to melt,libu,
to fold,lèpe,
to fold leaf,lidhu,
to weave,manènu,
to mix,pakihu,
to make,tao,
to smith,tuku,
to give,hia,
to send,pa'adhu,
to tuck,kiju,
to stick,pae,
to slice,sai,
to show teeth,sangidhi,
to crack,sèg'i,
absolutely complete,aa'i mèu-mèu,
absolutely right,tare'a-re'a,
absolutely right,la-lèke,
anything,nga-ngaa,
anything,ngaa-ngaa,
arrow,isi-kapoke,
bad,aapa,
be careful,paiie,
be cold,maho,
be destroyed,laho,
be right,lèke,
be scattered,bèdi,
be sick,pèda,
big (wood),dèbho,
big,kapai,
large,kapai,
bird,manu-bhui,
blind,bèdhu,
blunt,bhaka,
boy,ana-mone,
brave,bani,
bullet,isi-kasiro,
cackle,koko-oko,
canoe,ana-kèni,
cause to marry,leo èmu,
coconut oil,èi-lèngi,
cold,pacuhi,
crocodile,baki-hoe,
cut into pieces (for animals),sola,
cut into pieces (for human,sole,
vulgar),sole,
deep,marèma,
descendant,ana-èpu,
dew,èi-paringi,
difficult,j'èra,
difficulty,j'a-j'era,
affliction,j'a-j'era,
in labor,j'a-j'era,
dinghy,ana-todha,
dirty water,èi-lobho,
disease,èi-pa-pèda,
dripping,rèji-rèji,
ear,rèu-dhilu,
earrings,ate-ate,
eye,ana-madha,
facedown (for animate),sag'e'ba,
facedown (for inanimate),sag'e'be,
fatherless child,ana-lalu,
finance,doi-dhari,
five,lèmi,
five by five,lèmi-lèmi,
five each,lèmi-lèmi,
flat place,mera,
flowing loose,hae koro-koro,
four,èpa,
four by four,èpa-èpa,
four each,èpa-èpa,
girl,ana-bhèni,
good,be'a,
hair,rèu-kètu,
hard,adhu,
heavy,bia,
heavy,ba-bia,
burden,ba-bia,
how many,baka pèri,
how many per group,pèri-pèri,
I eat (common,ku'a,
polite),ku'a,
I eat (vulgar),ku'e,
in a moment,ciki-diki,
inhabitants,isi-rai,
insider,isi-èmu,
kerosene,èi-mènyi-rai,
key,ga-goe,
king,dhèu-aae,
lie,leko-monya,
lifted up,boti-boti,
long,madhera,
tall,madhera,
many,ae,
medicine,èi-na'i,
nape of neck,hui-kehi,
naptol,èi-pa-mènyi,
narrow,kobo,
nearly,oe-eo,
not to touch,g`a-g'ag'e,
one,èci,
one by one,èci-èci,
one each,èci-èci,
only,dhoka,
only,dho-dhoka,
only,dhoka-dhoka,
palm leaf to make container,rèu-sabha,
panting walk,kako eepo-eepo,
parents,ina-ama,
part of body that is painful,roe,
perfume,èi-hèu mèngi,
place of soaking,edhe,
plants,ana-aj'u,
tree,ana-aj'u,
platform,kalaga-ledo,
poor person,dhèu-sala,
porridge,èi-kabhète,
powder,la-laho,
queen,bhèni-aae,
raffia,loa-nyama,
rainy season,èj'i-lai,
red,mea,
red part (on weaving),ma-mea,
sarong's edge,loa-sebhe,
scattered around,cebe-lebe,
scissors,g'a-g'ute,
seaweed,rèu-èngu,
separation,mae-manyèla,
shade,ma-maho,
shadow,ma-maho,
to shade,ma-maho,
shallow,dara-lobho,
short,bab'a,
shallow,bab'a,
sickness,pa-pèda,
sister,ana-hèni,
slave,ana-tai,
small,ana iiki,
sole,ai-j'èla,
spouse,dhèu-èmu,
sprout of lontar leaf,rèu-kolo,
staggered walk,kako eko-eko,
star,hua-hètu,
sweat,èi-kabhèsu,
swollen,bai,
thick,ma'aa,
thin,manii,
three,tèlu,
three by three,tèlu-tèlu,
three each,tèlu-tèlu,
to accompany,lere,
to answer,dhaa,
to ask many times,bari,
to bake intensively,bhubhu,
to bet,patèka,
to carry (with yoke),dui,
to close,kutu,
to count,iga,
to count,ige,
to cut (with scissors),g'ute,
to deepen,pa-marèma,
to disturb,leko,
to dive,cèle,
to do the closing,ka-kutu,
to face (speaker asks others),tangare,
to face (speaker asks the addressee),tangara,
to fall,bèbhe,
to fight,pag'ag'a,
to give,hie,
to half-cut (for circumcision),bèka,
to half-cut (for coconut),bèke,
to hand over,jole,
to herd,eo,
to hit,gama,
to interfere,la-leko,
to lengthen,pa-madhera,
to lift intensively,dede,
to liken,paloa,
compare,paloa,
to lock,goe,
to overflow (sea water),lala,
to overflow (water in general),lale,
to pacify,paiia,
to persuade,da-dugu,
to point,paj'uj'u,
to praise,koa-kio,
to push,saseti-saseti,
to react,dha-dhaa,
to rinse,lalae,
to sell,pahia,
to sell,pahie,
to shorten,pa-bab'a,
to sleep,bhèj'i,
to step on,j'aj'e-j'aj'e,
to take out continuously,dhèko,
to talk,padhai,
speak,padhai,
to teach (through exercises),aj'e,
to teach (verbally),aj'a,
to tease,dugu,
to thicken,pa-ma'aa,
to throw around,core,
to torn,ciu,
to touch,g'ag'e,
to wean,sabhi,
to wear,nèu,
to widen,pa-bhèla,
to withdraw,bete,
tobacco container,ana-kapepe,
too many,ae-ae,
too muddy,bhète-bhète,
too overflowing,bua gari-gari,
too smell,hèu oone-oone,
twinkle,cèba cèba,
two,dua,
two by two,dua-dua,
two each,dua-dua,
umbrella,la-leo-lèu,
vinegar,èi-kadosa,
voice from the far,dau-dau,
way of accompanying,la-lere,
way of dancing,ra-roge,
way of herding,a-'eo,
way of melting,la-libu,
smithing,la-libu,
way of sleeping,ba-bhèj'i,
closing eyes,ba-bhèj'i,
way of weaning,sa-sabhi,
way of wearing,na-nèu,
style,na-nèu,
what,ngaa,
where,ka mia,
where,ètu mia,
wherever,ètu mia-mia,
who,cee,
whoever,cee-cee,
wide,bhèla,
widow,bhèni-bhalu,
widower,mone-bhalu,
width,ba-bhèla,
wooden mallet,ana-paru,
wooden mallet,ana-pèci,
yarn,loa-hèngu,
Express boat,kapa malai,
to study,aj'a,
to teach,aj'a,
to torn apart,bhèke,
to cleave,bhèke,
to bleat,kabhee,
to inserted,kiju,
to insert,kiju,
be hanged down,lodhe,
to hang down,lodhe,
be soaked,marèi,
to soak,marèi,
to laugh,mari,
to laugh at,mari,
opened teeth,sangidhi,
go see,la-èdhi,
go meet,la-rage,
go fall,la-bèbhe,
go near,la-dètu,
go drawee,la-kajape,
go take,la-are,
thank you, terima kasih,