target_text,interlinear_gloss,source_text,page_number
mulai nèti Rika,began from Rika,Start from Rika,1
dènge Jote,with Jote,and Jote,1
Rika ne'e,Rika PROX.SG,Rika,1
nèngu ètu suu haa,3SG LOC tip west,She was at the west part,1
kabarai ne'e,public PROX.SG,in this area,1
Jote nèngu ètu dhimu suu rai ne'e,Jote 3SG LOC east tip territory PROX.SG,Jote was at the east part in the area,1
haa Pesa.Kèli nèngu ètu talora,west Pesa.Kèli 3SG LOC middle,Pesa Kèli was in the middle,1
waktu Pesa Kèli mai ti Sahu,time name name come from Sawu,when Pesa Kèli came from Sawu,2
sanabhu Rika ka nèngu madha'u ka nèngu la-'e lu'u ro'a loe,shadow Rika PART 3SG afraid PART 3SG go-3SG hide hole cave,"When seeing Rika, he was afraid so he left to hide in a cave",2
ka... nèngu bisa boe tenge nga-nga'a ka nèngu manèngi manea,PART 3SG can no look.for DUP-1PL.ex.eat PART 3SG ask hawk,"so he could not seek any food, so he asked for food from an eagle",2
tenge nga-nga'a hia nèngu untuk n-a'a dènge na inu,look.for DUP-1PL.ex.eat give 3SG for(IND) 3SG-eat with 3SG drink,seek food and drinks for him,2
mai asa,come to,come,2
Rika ne nèngu pa-ngee na nèngu di mesa na ètu kabarai ne'e,Rika PROX.SG 3SG PA-think PART 3SG only alone 3SG LOC public PROX.SG,Rika thought that perhaps he lived alone in this island,2
ha Jote pun pa-ngee na sèmi èèna ka te nèngu pun,PART Jote too tihnk PART like DIST.SG PART but 3SG also(IND),"and Jote also thought so, but he also",2
ètu suu dènge suu dhimu dènge haa,LOC tip with tip east with west,at the east and west part,2
hèia,then,then,3
ca lod'o hari ka Rika la-'e dhasi,a day again PART Rika go-3SG sea,one day Rika went to the beach,3
la-'e dhasi ka n-èdhi,go-3SG sea PART 3SG-see,at the beach she saw,3
Jote ne'e,Jote PROX.SG,Jote is,3
ètu suu dhasi dhimu,LOC tip sea east,at in the eastern part of the beach,3
aku na hea,according.to 3SG.CL ow,"she said, oh",3
dhèu èci ka nèi ja'a ngee na ja'a di mesa ètu kabarai ne'e,person one PART REM.SG 1SG think 3SG 1SG only alone LOC island PROX.SG,"a person is there, I think that I am alone on this island",3
ngaa dhèu èci ka nèi hèi,what person one PART REM.SG also,"in fact, there is a person there, too",3
hèia nèngu usaha ka pa-dètu,then 3SG try(IND) PART PA-approach,then he tried to approach,3
pa-dètu ka mai rare,PA-approach PART come until,"approach, then he came",3
pa-dètu hèia,PA-approach then,"approach, then",3
nèngu karèi aku nèngu angalai e èu,3SG ask accoding.to 3SG friend PART 2SG,"'she asked him, ""friend, you""'",4
èu m-ore ngaa,2SG 2SG-take what,"""what do you get?""",4
kore boe ngaa-ngaa hèia rèngu lèpa dhasi joro,1SG.take not DUP- what then 3PL return sea high.tide,"""I get nothing"". Then, they went back as it was low tide'",4
puru mai dae ka mai leru osa,descen come land PART come care for,'When (they) came to the beach and saw what they have got',4
mai ka rèngu dua ra,come PART 3PL two 3PL,'they both came',4
pa-leru ka osa ka rèngu dua ra pa-peka,RECP-care.for PART harvest PART 3PL two 3PL RECP-tell,'while watching their fish. they had a talk',4
angaa e ja'a neo la ja'a di mesa ku ètu kabarai,friend part 1SG shall PART 1SG only alone 1SG LOC island,"'Hi friend, I think I am alone on this island'",4
rai ne'e angalai e ngaa èu dhu kèna hèia,territory PROX.SG friend part what you that that then,"'in this land. In fact you, too, friend'",4
ha aku,PART say,"'and he said,'",4
ja'a di mesa ku kahèi,1SG just alone 1SG.CL also,"'as Rika said, I also think that I am alone, too'",5
ngaa èu dhu ka èèna kahèi,what 2SG REL PART DIST.SG also,"but in fact you are there, too",5
hèia,then,'then',5
aku nèngu kalau sèmi èèna èdhi pa-ngad'o èmu,according.to 3SG if like DIST.SG 1PL.in RECP-visit house,"'he said, ""if so, let us visit our house""'",5
pa-ngad'o èmu ho èmu cee èmu dhui,RECP-visit house so.that house who house old,'visit each other's house and see whose house is the oldest one',5
na nèngu dhèu dhu nèbhu,PART 3SG person REL long.time,'means that he is the one who stays longer',5
Rika e,Rika PART,'Rika',5
Jote la-'e èmu ka la-'e,Jote go-3SG house PART go-3SG,"'Jote came home, and went'",5
sanu èmu ka pa-mèdhi,fumigate house PART CAUS-black,'to fumigate his house to be black',5
Rika pun sèmi èèna kahèi la-'e èmu ka la-'e sanu pa-mèdhi èmu,Rika too like DIST.SG again go-3SG house PART go-3SG fumigate CAUS-black house,'Rika was also so. He went to fumigate his house to be black',5
lod'o dua ra,time two 3PL,when they both,6
èci pa-ngad'o èci,one RECP-visit one,visit each other,6
Rika la-'e uru ka la'e aku na ee tare'a angalai,Rika go-3SG formerly PART go-3SG say 3SG PART right friend,"Rika visited earlier and he said, ""it is right, friend""",6
nèbhu kahèi èmu dhu mèdhi guru-guru nga,long.time again house REL black pitch.black PART,"he is the earliest, because his house is black now",6
ha na bèli la-mu ngad'o ja'a angalai,EXCL PART tomorrow Go-2SG visit 1SG friend,"tomorrow, you may visit my house, friend",6
ka bèli na ka Jote mai ngad'o Rika,PART tomorrow 3SG PART Jote come visit Rika,"than, the next day Jote visited Rika",6
èmu na sèmi èèna kahèi mèdhi guru-guru ho,house 3SG like DIST.SG again black pitch.black PART,her house was also black,6
kapui dhui ne'e dhu eta ètu madha èmu,snail bail PROX.SG REL drift.ashore LOC front house,there were many snails before his house,6
hèbha oka,mouth fence,at the entrance gate,6
hèia ca lod'o hari ka,then a day again PART,then one day,6
ha rèngu dhu re'a re'a boe,EXCL 3PL REL 3PL.know 3PL.know not,and they did not know,7
Pesa.Kèli ne'e ètu ngaa ètu ngaa na,Pesa.Kèli PROX.SG LOC what LOC what PART,Where Pesa keli was at...,7
te nèngu ètu dara loe èèna dhu podho boe li'u na,PART 3SG LOC inside cave DIST.SG REL go.outside not outside PART,as he was in the cave and never came out,7
ka nèngu,PART 3SG,than he,7
dua ra paraga hari,two 3PL meet again,they both met again,7
paraga hari hèia,meet again then,"met again, than",7
aku Rika na,according.to Rika PART,Rika said,7
ja'a uru ètu kabarai ne'e,1SG formerly LOC island PROX.SG,I am the first one on this island,7
aku Jote pun sèmi èèna kahèi,according.to Jote too like DIST.SG also,Jote also said the same,7
ja'a uru ètu kabarai ne'e kahèi,1SG formerly LOC island PROX.SG also,I am the first one on this island,7
dua ra pasisu ka patao,two 3PL argue PART quarrel,they argue against each other and quarrel,7
patao ètu tataa dhasi deo na,quarrel LOC beach sea recent 3SG,(they) quarrel at the beach,8
tataa dhasi deo na hèia,beach sea recent 3SG then,"at the beach, then",8
rèngu re'a boe na Pesa.Kèli ne'e,3PL 3PL-know not 3SG.CL Pesa.Kèli PROX.SG,they never knew Pesa Kèli,8
ma'u rèngu ngèti,spy 3PL from,spy them from...,8
ro'a loe deo na,inside cave recent DIST.SG,the cave as mentioned,8
aku nèngu na we,according.to 3SG PART EXCL,"he said, hi",8
miu pajèka ngaa èèna te aku ja'a na ja'a uru nga aku nèngu na nèngu uru,2PL speak. angrily what 3SG but say 1SG 3SG 1SG former PART say 3SG PART 3SG former,"why do you quarrel and said, ""I am the first one, and he said he is the first?""",8
ja'a karèi miu,1SG question 2PL,I ask you,8
èu Rika èu uru,2PL Rika 2SG formerly,"Rika, you said you are the first",8
èu Jote èu peka na èu Jote èu peka na èu dhèu uru,2SG Jote 2SG say 3SG 2SG Jote 2SG say 3SG 2SG person formerly,"you, Jote, you said you are the first person",8
ka miu madhèdi kabarai ne'e ne ka miu pa-ngara kabarai ne'e ne na ngaa?,PART 2PL sit island PROX.SG PROX.SG PART 2PL CAUS- name island PROX.SG PROX.SG PART what,then you are living on this island and what name did you give this island?,9
ngara rai dhu miu pea ne'e,name land REL 2PL stay PROX.SG,the name of the land where you live,9
uru na miu paroa na ngara na ngaa,formerly 3SG 2PL call 3SG neme 3SG what,"In the past, what do you call, what is the name?",9
ngaa,what,what,9
rèngu kala ngèti èèna to?,3PL fail(IND) from DIST.SG tag,they fail to answer,9
kala ngèti èèna ka aku Pesa. Kèli na,fail(IND) from DIST.SG PART according.to Pesa. Kèli 3SG,"when they fail to answer, Pesa Kèli said",9
ja'a mai ngèti Sahu aku nèngu k-èti dhau,1SG come from name according.to 3SG 1SG-bring indigo,"I came from Sabu', He said, “I brought the indigo plant""",9
mai sèla ètu kabarai ne'e de,come plant LOC island PROX.SG so,"came and planted it on this island, so",9
pulau ne'e ngara na dhau,island(IND) PROX.SG name 3SG dhau,the name of this island is dhaui,9
te dhèu Sahu peka dhau na dhao,because person Sawu say dhau 3SG name,"because the Sawunese call the indigo, dhao",9
ka ngara na Dhao,PART neme 3SG Dhao,so the name is Dhao,10
ngèti èèna ka a'a ari ti doe ne'e,from DIST.SG PART old.sibling younger.sibling 1PL.in.CL recent PROX.SG,"That's why brothers and sisters, today'",11
ama èdhi mone angalai èdhi ne'e,father 1PL.in male friend 1PL.in PROX.SG,"Our father, our brother'",11
nèngu lèpa mai dhoka dènge heka lii padhue padai,3SG return come only with no more voice discuss talk,He came back with no single word',11
cee ka nèngu ho dara pèda boe,who PART 3SG so.that inside sick not,Who is he whose heart is not broken',11
cee ka nèngu ho pasuti boe èi madha,who PART 3SG so.that CAUS-drip not water eye,Who will not drop tears',11
pa-cèri sèmi ne'e,CAUS-separate like PROX.SG,separating like this',11
èi madha èdhi mèti boe,water eye 1PL.in dry not,Our tears never stop,12
dhoka èdhi t-e'a,only 1PL.in 1PL-in.know,But we know,12
sa-sue Lamatua kapai dai seli,DUP-love Lord big enough excessively,The love of God is great,12
ma dedha ama èdhi aa èdhi mone angalai èdhi,toward above father 1PL.in PART 1PL.in man friend 1PL.in,"to our father, or our brother",12
ngèti èèna ka èdhi dhèu sarani,from DIST.SG PART 1PL.in person baptize,"That's why, we as believers",12
èdhi te'a sa-sue Lamatua ne'e,1PL.in 1PL-in.know DUP-love Lord PROX.SG,We know the love of God,12
mai èdhi pa-cudu kètu,come 1PL.in CAUS-bow head,"please, we bow our heads",12
èdhi manèngi a-'èra ngèti nèngu,1PL.in ask DUP-strong from 3SG,We ask strength from Him,12
sèna ka èdhi èra,so.that PART 1PL.in strong,So that we are strong,12
èdhi baku j'èra ae,1PL.in do.not difficult many,We do not have to be very sad,12
ho doe ne'e bèli,so.that recent PROX.SG tomorrow,So that today and tomorrow,13
èdhi aa'i ti hia nèngu asa era,1PL.in all 1PL.in give 3SG to place,We all bring him to the place,13
dènge mera.milu,with make.piece,in peace,13
nèti èèna ka ina ama a'ari aa'i ngèti,from DIST.SG PART mother father relatives all from,"That's why, Ladies and Gentlemen,",13
mai èdhi ba-bhèj'i madha,come 1PL.in DUP-sleep eye,"Please, we close our eyes",13
manèngi a-'èra sasue ngèti Ama Lamatua,ask power DUP-love from father Lord,Ask strength and love from Lord,13
Muri Manadu,live soul,The Saviour,13
Ama Lamatua dhu ladhe leru ji'i ngèti ca lod'o toke dai ca lod'o,father Lord REL see care 1PL.in from a day arrive reach one day,Lord who protects us day by day,13
Ama Lamatua hia ji'i a-'ae,father Lord give 1PL.in DUP-breath,"Lord, (You) give us life",13
hia ji'i a-'èra tenge ma-muri ne'e,give 1PL.in DUP-strong look.for DUP-live PROX.SG,Give us strength to live our life,13
lod'o rea Ama Lamatua pa-kèdi ji'i,sun appear father Lord CAUS-get.up 1PL.in,"When the sun rises, Lord, You awake us",14
ho ji'i tao sa-saba la-'a ji'i,so.that 1PL.in make DUP-work go-3SG 1PL.in,So that we do our jobs,14
lod'o cèna la'e ji'i bhèj'i,day sink go.3SG 1PL.in sleep,"When the sun sets, we go to bed",14
Ama Lamatua bhiri ji'i aa'i (mi),father Lord pull 1PL.in all 1PL.in.CL,"Lord, protects us all",14
dhoka madae meda Ama Lamatua tao j'ara èci,only morning yesterday father Lord make manner one,"But yesterday morning, Lord made a way",14
ma dedha ji'i a'ari aa'i mi,in above 1PL.in relatives all 1PL-ex,for all of us as relatives,14
ètu dedha rai Kota,LOC above land city,The in Kupang city,14
"Ama Lamatua n-are a-'ae a'a ji'i, ama ji'i",father Lord 3SG-take DUP-breath older.sibling 1PL.in father 1PL.in,"Lord, You took the life of our brother or our father",14
maka ji'i tadèngi ji'i j'èra,then(IND) 1PL.in hear 1PL.in difficult,"So when we hear (that), we are sad",14
èi madha ji'i mèti boe Ama,water eye 1PL.in dry not Father,"Our tears still do not stop, Father",14
dhoka ji'i pajiko pajiko,only 1PL.in evaluate evaluate,we just think and think,15
ngaa dhu (ama) Ama Lamatua tao na be'a dai seli,what REL father father Lord make PART good enough excessively,What Lord is doing is good,15
sa-sue Ama Lamatua kapai dai seli ètu dedha ji'i,DUP-love father Lord big reach excessively LOC above 1PL.in,The love of God is great for us,15
risi risi dedha ama a'a ji'i ne'e,more more above father older.sibling 1PL.in PROX.SG,"especially for our father, or brother",15
ngèti èèna ka Ama Lamatua,from DIST.SG PART father Lord,"That's why, Lord",15
m-èti nèngu asa kabarai ji'i,2SG.bring 3SG to island 1PL.in,You bring him to our place,15
dènge ana èpu,with child grandchild,with families,15
a'a ari aa'i ra madae ne'e rèngu dai kabarai ji'i dènge be'a,old.sibling younger.sibling all 3PL.CL morning PROX.SG 3PL reach island 1PL.in with good,"All our relatives, this morning, they arrived at our place safely",15
ngèti èèna ka Ama Lamatua ji'i manèngi,from DIST.SG PART father Lord 1PL.in ask,"Therefore, Lord, we ask",15
sa-sue Ama Lamatua baku tèke eele ji'i,DUP-love father Lord PROH.NEG keep away 1PL.in,The love of God does not leave us,16
tengaa ama tao sasue ma dedha ji'i aa'i mi ho,but father make DUP-love toward above 1PL.in all 1PL-ex so.that,"But, Father, give us all Your Love",16
ji'i baku j'èra,1PL.in PROH.NEG difficult,So that we are not sad,16
karna sa-sue dhu paling kapai bukan ngèti ji'i aa'i mi,because(IND) DUP-love REL Most(IND) big not(IND) from 1PL.in all 1PL-ex,Because the great love is not from us all,16
tengaa sasue dhu kapai ngèti Ama Lamatua,but DUP-love REL big from father Lord,But the great love is from Lord,16
hia dhèu èmu na a-'èra,give person house 3SG.CL DUP-strong,Give his wife strength,16
hia ana nèngu a-'èra,give child 3SG DUP-strong,Give his children strength,16
hia ana hèni nèngu a-'èra,give child sister 3SG DUP-strong,Give his sister strength,16
hia kera ba'i nèngu a-'èra,give brother.in.law grandpa 3SG DUP-strong,Give his in-laws strength,16
hia mone angalai nèngu a'èra,give man friend 3SG power,Give his male friends strength,16
sèna ka mulai ngèti doe ne'e toke lod'o bèli,so.that PART began from recent PROX.SG arrive day tomorrow,So that from today until tomorrow,17
ngaa dhu ji'i tao,what REL 1PL.in make,What we are doing,17
Ama Lamatua dènge ji'i,Lord with 1PL.in,Lord is with us,17
sèna ka kako dènge mera.milu,so.that PART walk with make.piece,So that (all) is going well,17
makasih ae Ama Lamatua,thank(Mal) many father Lord,Thank you very much Lord,17
ngèti sa-sue Ama Lamatua ma dedha ji'i,from DUP-love father Lord toward above 1PL.in,Because of the love of God for us,17
Ama Lamatua dhu pènu dènge sa-sue,father Lord REL full with DUP-love,Lord who is love,17
doe ne'e ne lod'o ka pidhu ho ji'i la-'a èmu Ama Lamatua,recent PROX.SG PROX.SG day PART seven so.that 1PL.in go-1PL.ex house father Lord,"Today is the seventh day (Sabbath), that we go to church",17
risi risi ana ama dhu j'unu ne'e,more more child father REL sleep PROX.SG,especially Your child who is sleeping here,17
dhoka doe ne'e ji'i la-'a boe,only recent PROX.SG 1PL.in go-1PL.ex not,But today we do not go (to church),18
ji'i manèngi (ama) Ama Lamatua tao eele sasala kakura ji'i,1PL.in ask (father) father Lord make away sin shortage 1PL.in,'We ask that Lord forgive our sins',18
dai sènge ne'e ka lii manèngi ji'i Ama Lamatua,until big like PROX.SG PART voice ask 1PL.in Lord,"This is all our prayer, Lord",18
ji'i ng-e'a Ama Lamatua tadèngi lii manèngi ji'i,1PL.in 1PL-ex.know father Lord hear voice ask 1PL.ex,"'We know, Lord, You answer our prayer'",18
ji'i ng-e'a Ama Lamatua sèmi le lii manèngi ji'i,1PL.ex 1PL-ex.know father Lord like already voice ask 1PL.in,"'We know, Lord, You accepts our prayer'",18
mulai ngèti doe ne'e toke dai mia mia la'e,begin(IND) from recent PROX.SG until reach where where go.3SG,'from today till forever',18
selamat sore dan terima kasi atas kesempatan yang diberikan bagi kami,safe afternoon and receive give on chance REL be.given for us,Good afternoon and thank you for the chance given to us.,19
untuk aa menyampaikan sesuatu,for EXCL inform a,to say something,19
dan untuk itu kita pake bahasa daerah Ndao,and for that we use language region ndao,"and therefore, we speak in Dhao language",19
aa ja'a la-ladhe bahwa ngèti ca bèka,EXCL 1SG DUP-see CONJ(IND) from a part,I see that from another side,19
"penampilan, cara berpakaian",appearance(IND) way(IND) dress(IND),(your) performance and dresses,19
bukan pakaian dhu ca lod'o-lod'o èdhi pake ne'e,not(IND) clothes(IND) REL a DUP-day 1PL.in use PROX.SG,are not the everyday clothes that we used to wear,20
doe ne'e ja'a la-ladhe bahwa mèdha pa-pake a'a ari ngèti ca bèka,recent PROX.SG 1SG DUP-see CONJ(IND) thing DUP-use older.sibling younger.sibling from a part,"today, I see that the clothes that you, brothers and sisters from another side, are wearing",20
jadi ja'a neo karèi,so(IND) 1SG want ask,so I would like to ask,20
dènge mèdha pa-pake ne'e kira-kira ada maksud,with thing DUP-use PROX.SG about(IND) custom purpose(IND),"by your dresses, perhaps you have a purpose",20
kira-kira ada maksud dari seberang,about(IND) exist(IND) purpose(IND) from(IND) opposite(IND),perhaps you from another side have a purpose,20
silakan a'a ari ngèti ca bèka lole sèna ka ji'i nge'a,please older.sibling younger.sibling from a part tell so.that PART 1PL.ex 1PL-ex.know,"brothers and sisters from another side, please tell so that we know",20
terima kasih,receive(IND) give(IND),Thank you,20
dengan kehadiran ji'i ngèti Oenale,with(IND) presence(IND) 1PL.ex from Oenale,"with our presence, we, from Oenale",21
keluarga ngèti Dhao sèmi dènge be'a,family(IND) from Ndao be.like with good,family in Ndao have accepted us respectfully,21
ji'i la-ladhe ngèti musi.madha dhu la-ladhe ji'i,1PL.ex DUP-see from eye REL DUP-see 1PL.ex,we see that all the eyes who see us,21
kacui.aai dhu j'ola mai pa-j'ola dènge ji'i,hand REL sliding come CAUS-sliding with 1PL.ex,the hands that come to shake our hands,21
dhu pènu dènge kelembutan,REL full with softness,with a great tenderness,21
sèmi deo.na dhu ina ji'i peka na,be.like just.now REL mother 1PL.ex tell PART,like what the spokeswoman has said just now.,21
tao la-ladhe ngèti penampilan di,make DUP-see from appearance(IND) just,the performance matters,21
mungkin ina ne'e pènu dènge malaa la,possible(IND) mother PROX.SG full with amazed PART,maybe you worry too much,21
karena bèli-bèli ne'e mèdha pa-pake èdhi aad'o sèmi ne'e,beCAUSE(IND) every.day PROX.SG thing DUP-wear 1PL.in be.absent be.like PROX.SG,because our everyday dresses are not like this,21
memang tare'a penampilan menentukan,indeed(IND) right appearance(IND) determine(IND),"Indeed, it is right that the performance matters",22
maksud ji'i untuk ji'i mai madha èmu ne'e lod'o doe ne'e,purpose(IND) 1PL.ex for(IND) 1PL.ex come eye house PROX.SG day today PROX.SG,our purpose to come to this house today,22
sèmi ne'e mama,be.like PROX.SG mother,"is like this, Madam",22
ana ji'i èci Meki,child 1PL.ex one Meki,"One of our children, Meki",22
ca lod'o ka nèngu paroa nare ji'i ina ama,a day PART 3SG call enter 1PL.ex mother father,"One day he called us, as parents",22
keluarga Baboi dan keluarga leo dhu terkait sèra,family(IND) Boboi and(IND) family(IND) other REL RELated PART,the Boboi tribe and other RELated relatives,22
èi madha nèngu hae la-ladhe ji'i,water eye 3SG flow DUP-see 1PL.ex,his tear dropped when he saw us,22
karena nèngu la-ladhe ji'i heka ae le,because(IND) 3SG DUP-see 1PL.ex old many PERF,because he saw that we are too old already,22
"ji'i rui aad'o heka, bisa heka dui èi",1PL.ex bone be.absent no.more can(IND) no.more carry water,"we are no longer strong, we are not able to take water",23
bisa heka la-'a dui kadhèna asa kolo ledhe,can(IND) no.more go.1PL.ex carry firewood to top mountain,(we) are not able to go to carry firewood at the top of the mountain,23
"ka nèngu peka, aku nèngu na, ama e ina e",PART 3SG tell according.to 3SG PART father PART mother PART,"then he said, father and mother",23
ja'a la-ladhe miu na miu bisa heka,1SG DUP-see 2PL PART 2PL can(IND) no.more,'I see that you are no longer able (to do things)',23
dan dai tadha ka èèna ho,and(IND) reach sign PART DIST.SG so.that,"'and perhaps it is the signal, so'",23
"ja'a dènge, ja'a kako ja'a tenge rui karasa sèna ka soru miu",1SG with 1SG walk 1SG look.for bone beside so.that PART greet 2PL,'I am walking around to find out a rib to help you',23
batu miu ètu dara ha-heka miu,help 2PL LOC inside DUP-old 2PL,'To help you during this time of your old age',23
ka ji'i ina ama se'e ji'i karèi,PART 1PL.ex mother father PROX.PL 1PL.ex ask,"'then we, parents, asked'",23
ètu mia ama e dhu kako-kako ka la-ladhe m-èdhi na,LOC where father PART REL DUP-walk PART DUP-see 2PL-see PART,where did you find it when walking around?,24
nga aku nèngu na ja'a la-ladhe asa haa ina dènge ama e na,PART according.to 3SG PART 1SG DUP-see to west mother with father PART PART,"and he said, I saw in the west, father and mother",24
lod'o oe cèna la-'e tapi,sun nearly sink go-3SG but(IND),"the sun is almost going down, but",24
hela bunga èci nèngu heka bhuku mai ka èèna,blossom flower one 3SG just grow come PART DIST.SG,a blossom of the flower is growing up there,24
nèngu oe manyèba ka èèna,3SG nearly spread PART DIST.SG,it (the flower) almost blossoms,24
ka ja'a la-ladhe ka èle dara ja'a,PART 1SG DUP-see PART finished inside 1SG,"I saw it, then I fell in love.",24
ka ja'a peka na nèngu ka nèi,PART 1SG tell PART 3SG PART REM.SG,"then I said, there it is.",24
tengaa hela bunga ne'e ina ama ngèti ne'e dara baku kura ku,but blossom flower PROX.SG mother father from PROX.SG heart PROH.NEG lack tag,"but for the blossom of this flower, you, the family here, don't have to worry.",24
RT ko hela bunga nèngu neo n-are j'aj'i mi rui karasa nèngu?,PART(Mal) blossom flower 3SG want 3SG.take become toward bone side 3SG,why does he want to take the blossom of the flower as his rib?,25
RT hela bunga ne nèngu bisa beruba kahèi,blossom flower 3SG.OBJ.CL 3SG can(IND) change(IND) also,the blossom of the flower can metamorphose as well,25
RT j'aj'i mi ana èci dhu ngara na Santi,become toward child one REL name PART Santi,"to become a girl, named Santi",25
RT ngèti èèna ka lod'o nihia ne'e ji'i mai,from DIST.SG PART day afternoon PROX.SG 1PL.ex come,"that is why, this afternoon, we come'.",25
RT ho dènge ji'i pa-haha isi,so.that with 1PL.ex CAUS-low body,with humility,25
RT dènge lii manèngi ngèti dara ji'i dhu mèu aadha-aadha,with sound ask from heart 1PL.ex REL clean too.clean,asking from the bottom of our heart'.,25
RT ji'i manèngi sa-sue ho sue la ji'i karena ji'i heka ae le,1PL.ex ask DUP-love so.that love PART(IND) 1PL.ex beCAUSE(IND) 1PL.ex old.age many PERF,we ask for mercy beCAUSE we are already too old'.,25
ng-are èi hèi,1PL.ex-take water also,we are not able to take firewoods and water anymore,26
suru labhu na labhu ètu era leo na ji'i tunu asa era leo la-'e na,torch lamp PART lamp LOC place other PART 1PL.ex burn to place other go-3SG PART,"when lighting the lamp, the lamp is at one place, we are going to light at another place",26
mage dhoka ai n-a'e aa'i èmu ji'i,PROH.NEG only fire 3SG-eat all house 1PL.ex,(we) are afraid that our house is going to be burned out,26
ngèti èèna ka ji'i mai ne'e,from DIST.SG PART 1PL.ex come PROX.SG,"therefore, we come now",26
sènge èèna ka,that.big DIST.SG PART,that is all,26
doe iiki na èdhi t-e'a bahwa Meki n-èti ca bèka to? Oenale,recent small PART 1PL.in 1PL-in.know REL(IND) Meki 3SG-bring a PART tag Oenale,"we just heard that Meki came from another side, didn't he? Oenale",26
langgar dhasi,cross(IND) sea,crossing the ocean,26
apa rai Rote ne'e ngèti suu haa asa suu dhimu,what(IND) land Rote PROX.SG from tip west to tip east,"is on Rote Island, from the west to the east part",26
abhu boe dhèu ngara Santi,get not person name Santi,no one named Santi?,27
atau abhu boe dhèu dhu sama dènge Santi?,or(IND) get not person REL same(IND) with Santi,or no one is like Santi?,27
ho Meki harus ca'e ana kèni dènge sehe èci,so.that Meki must(IND) ride child keel with oar one,so Meki should come by a small canoe with one oar?,27
ho nèngu bisa nare langgar Loekeli?,so.that 3SG can 3SG.take cross(IND) Loekeli,how could he cross the Loekeli strait?,27
dhèu langgar Loekeli tidak sembarangan dhèu,person cross(IND) Loekeli not(IND) random(IND) person,not all people can cross the Loekeli strait.,27
sèmi lii dhu pate'a Loekeli edo-edo,like sound REL express Loekeli DUP-poke,"like the expression said, “Loekeli is roaring”.",27
jadi ja'a manèngi hari ku aa lii èci hari,so(IND) 1SG ask again tag EXCL sound one again,so I ask you to tell once more,27
terima kasih,Receive(IND) love(IND),Thank you,27
mema Loekeli ne'e ladhe nèngu horo na,indeed Loekeli PROX.SG see 3SG hold PART,"Indeed, if Loekeli strait is roaring",27
baku peka na ana kèni te KK kapa èèna ka molo kahèi,PROH.NEG tell PART child keel but KK ship DIST.SG PART drown also,"not only does small canoe, KK ship can also sink",28
tengaa salae cue ho nèngu mai ngèti Oenale ho,but sand one so.that 3SG come from Oenale so.that,"however, a grain of sand can move from Oenale",28
"dhasi n-èti nèngu ho mai bèbhe ètu salae Dhao ne'e, mama, gampang boe",sea 3SG-bring 3SG so.that come fall LOC sand Ndao PROX.SG mother easy(IND) not,"the sea (water) brings it and falls into the sand of Ndao, it is not that easy, Madam'.",28
ji'i peka kahèi,1PL.ex say also,we also mention that,28
artis pènu ètu Edha nèi,artist(IND) full LOC Rote REM.SG,there are a lot of artists in Rote,28
"era sèi nèngu dèi boe nga, n-o'o boe",place REM.PL 3SG like not PART 3SG-want not,"there, he is not interested, he does not like (them)",28
"aku nèngu na dhoka ne'e di, mama e",according.to 3SG PART only PROX.SG just mother PART,"he said that only this one, mommy",28
dhu Lamatua paj'uj'u hia ja'a ka nèi mama e,REL Lord point.to give 1SG PART REM.SG mother PART,"there, God has shown to me, mommy",28
dhu ja'a k-ore j'aj'i mi rui karasa ja'a ne'e,REL 1SG 1SG-take become 1PL.ex.CL bone side 1SG PROX.SG,in order that I take (it) to become my rib.,29
de Loekeli mangamok do nèngu horo na ka mama oo,SO Loekeli roar(IND) or 3SG hold PART PART mother EXCL,"so although the Loekeli strait is roaring, mommy.",29
la-ti la te Lamatua dènge èdhi de èdhi molo boe,go-1PL.in PART because Lord with 1PL.in SO 1PL.in drown not,"we have to go, beCAUSE God is with us so we would never sink.",29
ji'i jèji kaduru dai dae dènge soda ka,1PL.ex touch bow reach shore with safe PART,we arrive at the beach safely,29
de aku nèngu ètu ne'e nuka ana ji'i Santi dhu leo aado,SO according.to 3SG LOC PROX.SG namely child 1PL.ex Santi REL other be.absent,"then he said that over here he found only Santi, no one else.",29
karena Meki mai le dènge ana kèni cue pake sehe dua,beCAUSE(IND) Meki come PERF with child keel one use oar two,since Meki came with a small canoe with two oars.,29
sehe èci Meki kèpe sedangkan sehe èci dhèu kèpe dhae,oar one Meki catch whereas(IND) oar one person catch not.yet,"one oar, Meki holds it, whereas one more oar, no body holds it yet.",29
jadi dhèu kèpe sehe èci iala Santi,so(IND) person catch oar one be(IND) Santi,so the one who should hold the other oar is Santi,30
tengaa ja'a peka ku la,but 1SG say tag PART,but I need to tell,30
ana kalicu muri hedu,child young live sway,she is still too young,30
dhu pasale aa,REL whimper EXCL,who may whimper,30
sakola nèngu risi èdhi,school(Mal) 3SG more 1PL.in,she is more educated than us,30
karena èdhi ina ama dhèu buta huruf,beCAUSE(IND) 1PL.in mother father person blIND(IND) letters(IND),"because we, parents, are illiterate.",30
tengaa mai asa ngangee na nèngu dai mèka èdhi,but come to think PART 3SG reach not.yet 1PL.in,"but in the case of knowledge, she still lacks experience, compared to us.",30
apa ina ama ngèti ca bèka rasa na nèngu bisa?,what(IND) mother father from a PART taste(IND) PART 3SG can,"do you, parents from another side, think that she is eligible?",30
nèngu bisa mèka,3SG can not.yet,"for us, parents in Ndao, she is not eligible yet.",31
menurut mama na mama la-ladhe na nèngu ana iiki ae era,according.to(IND) mother(Mal) PART mother(Mal) DUP-see PART 3SG child small many still.exist,"Madam, you said that she is still too young",31
tapi sèmi lii deo èèna dhu ja'a peka deo èèna,but(IND) like sound recent DIST.SG REL 1SG tell recent DIST.SG,but as I have said just now,31
ji'i mai ka sèmi le ji'i to mama?,1PL.ex come PART be.like PREF 1PL.ex tag mother,"we come and have been accepted, is it right, Madam?",31
de dua ne'e j'aj'i le mi èci mama,so two PROX.SG become PREF toward one mother,"so the two already become one, Madam.",31
de ladhe nèngu sale na èdhi aa'i-aa'i ti holo peka ne'e,so see 3SG wrong PART 1PL.in DUP-all 1PL.in.CL advise say PROX.SG,"so when she is wrong, we all are responsible to advise her",31
te j'aj'i le ma ana na,because become PREF toward child PART,because (she) already becomes our daughter.,31
ja'a pa-maète boe,1SG CAUS-cut not,I do not make the decision.,31
tengaa ne'e karena Santi,but PROX.SG beCAUSE(IND) Santi,but Santi does,31
jadi ja'a harus la-ku paraga ku dènge nèngu,so(IND) 1SG must(IND) go-1SG meet tag with 3SG,so I have to meet her.,32
ja'a k-e'a boe nèngu ètu mia ne'e na,1SG 1SG-know not 3SG LOC where PROX.SG PART,I still do not know where she is now.,32
dhu ngara na Santi na ja'a ke'a boe na era ètu ngaa,REL name 3SG.CL Santi PART 1SG 1SG.know not PART place LOC what,"for the name Santi, I do not know where she is.",32
jadi ja'a manèngi èdhi bersabar ciki,so(IND) 1SG ask 1PL.in patient(IND) little,"so I hope, we need to be patient a bit.",32
sèna ka ja'a la-ku paraga dènge nèngu,so.that PART 1SG go-1SG meet with 3SG,so that I am going to meet her.,32
sebab dhu mai tenge nèngu,because(IND) REL come look.for 3SG,because he comes to look for her,32
ja'a k-èti èci ka ne'e de nèngu na ka ne'e?,1SG 1SG.bring one PART this so 3SG PART PART PROX.SG,"I bring one here, so is this she?",32
Meki ètu ngaa do?,Meki LOC what tag,where is Meki?,32
kèna uu ana miu aad'o di,that EXCL child 2PL be.absent just,"there we go, your child does not exist",32
ee na ja'a la-ku huni hari te ana miu aad'o di,EXCL PART 1SG go-1SG hide again beCAUSE child 2PL be.absent just,"if so, then I am going to hide her again beCAUSE your son does not exist'.",33
ina... miu kasian,mother 2PL pity(IND),"Oh my God, what a pity'",33
mama manèngi taha ciki do nga,mother ask able little tag PART,"Madam, (we) are hoping to be patient a bit'.",33
de ji'i manèngi hari taha ciki si ma,so 1PL.ex ask again able little tag PART,we are asking again for a bit patience'.,33
Meki la-'e nangi dhasi le si,Meki go-3SG swim sea PERF tag,"Meki is going to swim in the sea, isn't he?'",33
ja'a manèngi ijin ho ja'a la-ku k-ore ku ana ja'a,1SG ask permission(IND) so.that 1SG go-1SG 1SG-take tag child 1SG,I am asking for permission to go and pick my son up'.,33
lii Malai hari ka èèna,sound Malay again PART DIST.SG,Indonesian language again',33
mama sonde sakola Meki,mother not school Meki,"I am not educated, Meki'. (all text in Kupang Malay)",33
jadi kalau bahasa jatuh bangun harap maklum,so(IND) if(IND) language(IND) fall(IND) wake.up(IND) hope(IND) know(IND),"So, please understand if I am not speaking very well'.",33
RK sèmi ne'e mama-mama ngèti Oenale,like PROX.SG DUP-mother from Oenale,"now, you all, madams, from Oenale",34
RK mai paraga dènge mama-mama dènge ama-ama ètu Dhao peka na,come meet with DUP-mother with DUP-father LOC Ndao say PART,come to meet with people in Ndao and said,34
RK Meki parlu pendamping,Meki necessary(Mal) assistant(IND),Meki needs a helper.,34
RK ingat pendamping oo bukan pembantu,remember(IND) assistant PART not(IND) servant,"remember, a helper, not a maid",34
RK pendamping ne'e langsung peka ngara na Santi,assistant(IND) PROX.SG direct(IND) say name 3SG Santi,this helper is of course called Santi,34
RK apa betul ini?,what(IND) right(IND) tThis(IND),is this right?,34
RK tare'a ne'e baku sampe Meki kena tipu oo,right PROX.SG PROG.NEG until(IND) Meki touch lie PART,is this right? be careful that Meki is fooled,34
RK Santi banyak na,Santi many(IND) PART,becasue there are many Santis,34
"RT de èdhi aa'i-aa'i ti tadèngi aa'i le, to?",so 1PL.in DUP-all 1PL.in.CL hear all PERF tag,"so we all have heard, don't we?",34
mama sèi Santi karèi,mother(IND) REM.PL Santi ask,"Santi, I want to ask.",35
ji'i na ka oo gogoo maroga kahèi ne'e,1PL.ex PART PART PART senile dark also PROX.SG,we here do not know anything as well,35
tengaa mama karèi deo èèna dhaa aku nèngu na ka ne'e de kèna,but mother(IND) ask recent DIST.SG answer according.to 3SG PART PART PROX.SG so that,but I asked just now and she said that this is he so it is right.,35
tengaa ja'a dhae karèi mèka Santi do,but 1SG not.yet question not.yet Santi PART,but I do not ask Santi yet.,35
de la'a kèna di ji'i mai manèngi sa-sue de karèi ku la,so go ahead that just 1PL.ex come ask DUP-love so ask tag PART,"so please, as we come to ask for mercy, so please ask.",35
aa ina ama ngèti Oenale sèi mai,PART mother father from Oenale REM.PL come,parents from Oenale come (here),35
manèngi ètu ji'i ina ama tapi bukan ji'i ina ama la-'a,ask LOC 1PL.ex mother father but(IND) not(IND) 1PL.ex mother father go-1PL.ex,"ask us as parents but we, parents, will not decide.",35
manèngi dhèu dhu ngara na èu,ask person REL name 3SG.CL 2SG,ask the one whose name is you.,35
la-'e j'aj'i mi rui karasa Meki,go-3SG become toward bone side Meki,,35
dhu ele ca loa,REL lose a sheet,to go and become a rib of Meki for one is lost,36
RK siap?,ready,ready?,36
RK èdhi aa'i-aa'i ti tadèngi le si?,1PL.in DUP-all 1PL.in.CL hear PREF tag,"we all have heard, haven't we?",36
RK bahwa Santi siap,REL(IND) Santi ready,that Santi is ready,36
RT ji'i manèngi makasi ae-ae,1PL.ex ask thank(IND) DUP-very,we would like to thank you very much.,36
RT ma dedha ana Santi dhu sèmi lii manèngi ji'i,toward above child Santi REL like sound ask 1PL.ex,especially Santi who has accepted our proposal.,36
RT ji'i ngee na ma-mai ji'i ne'e dènge kabua,1PL.ex think PART DUP-come 1PL.ex PROX.SG with bride price,we think that we come with the dowry,36
RT dènge hasil èdhi aa'i-aa'i ti tadèngi aa'i-aa'i ti,with result(IND) 1PL.in DUP-all 1PL.in.CL hear DUP-all 1PL.in.CL,and we all have heard the result.,36
RT ja'a ngee na èdhi baku pa-madhera karena lod'o oe cèna kèna,1SG think PART 1PL.in PROH.NEG CAUS-long because(IND) sun almost sink that,I think we do not have to talk further because the sun almost goes down.,36
lii manu kokotoo,voice chicken crow,The voice of cock crows,37
dhèu mone èci ètu dedha ana aj'u,person man one LOC above child wood,A boy is on the tree,37
ca'e dènge langa,CLimb with stair,Climb using the stair,37
nèngu puu hua,3SG pick fruit,He is picking fruit,37
na puu hua,3SG.CL pick fruit,He is picking fruit,37
na... cue bèbhe eele tu rai,3SG.CL one fall PART LOC land,One fruit fell down,37
ka nèngu puru,PART 3SG go. down,Then he went down,37
puru ka nare ngèti dara kanoto,go.down PART 3SG.take from inside bag,(he) went down then he took fruit from his bag,37
ka tao dara karanjang,PART make inside basket,Then (he) put into the basket,38
na tao eele ngèti dara kanoto,3SG.CL make PART from inside bag,He took out from the bag,38
na iga cue-cue asa dara karanjang,3SG.CL count DUP-one to inside basket(Mal),Then count one by one (and) put into the basket,38
na nare èci tu rai,3SGCL 3SG.take one LOC land,then he take one on the ground,38
ka na pamèu,PART 3SG.CL CAUS-CLean,then he CLeaned up (the fruits),38
pa-mèu pake kaha'i ètu ladha goro,CAUS-CLean use CLoth LOC neck,(he) CLeaned (them) using the CLoth on (his) neck,38
ka na tao asa dara karanjang,PART 3SG.CL make to inside basket,then he put into the basket,38
kaha'i na ka inu hari,CLoth 3SG.CL PART wear again,(he) wear again the Cloth,38
aa dhèu èci ka kabodho nèngu nèi,PART person one PART back 3SG REM.SG,There is a man behind him,38
tule dènge sapi,push with cow,brings a cow,38
na ca'e hari asa kolo ana aj'u,3SG.CL climb again to top child wood,He is climbing again to the top of the tree,38
pake dènge langa,use with stair,using a stair,39
dhèu mone èci kako re èèna,person man one walk via DIST.SG,A man is passing by,39
nuni dènge kahibi,pull with goat,brings a goat,39
na kako taruu la-'e asa kaj'èu,3SG.CL walk continue go.3SG to far,He continue walking to the far,39
ho na nuni kahibi èèna oro-oro,then 3SGCL pull goat DIST.SG while.walking,He brings the goat while walking,39
mone heka deo èèna,man old just.now DIST.SG,The old man just now,39
puu hari hua na tao asa dara kanoto,pick again fruit 3SG.CL make to inside bag,(He) is picking fruits again and he put into the bag,39
ana iiki èci kako re kabodho nèi dènge sapeda,child tiny one walk via back REM.SG with bicycle(IND),A small boy came from behind by bicycle,39
na mai mai pa-dètu dènge mone heka deo èèna,3SGCL come come PA-approach with man old just.now DIST.SG,He came near the old man,39
na mai ka na puru ngèti dedha sapeda,3SG.CL come PART 3SGCL go. down from above bicycle,He came then he got off the bicycle,40
na pa-bèbhe eele sapeda asa rai ka,3SGCL CAUS- fall PART bicycle to land PART,He lay down the bicycle on the ground,40
na nare hua ètu dara karanjang,3SGCL 3SG.take fruit LOC inside basket,He took fruits in the basket,40
la-ladhe ladhe mone heka tu dedha do,DUP-see see man old LOC above tag,"(He) looked around, (he) saw the old man on the tree",40
ladhe boe mai ka,see not come PART,"(The old man) did not see (him), then",40
na patitu sapeda,3SG.CL CAUS-stand bicycle(Mal),He arouse the bicycle,40
ka na ca'e sapeda,PART 3SG.CL climb bicycle,Then he ride the bicycle,40
aa... nare karanjang do ka tao sa sapeda mai,PART 3SG.take basket just.now PART make to bicycle come,Then he took the basket then put on the bicycle,40
ka na la'e,PART 3SGCL go.3SG,Then he left,40
mone heka tu kolo ana aj'u deo na,man old LOC top child wood just.now DIST.SG,The old man on the top of the tree,40
aa... ana iiki deo na pabèbhe eele,PART child tiny just.now 3SG.CL CAUS-fall PART,The child fell down (the basket),40
hua asa rai ca hag'e,fruit to land a separate,Some fruits are on the ground,41
na mai ka paraga dènge,3SG.CL come PART RECP-encounter with,He came then met ...,41
ana rai ci,child land one,a girl,41
paraga dènge ana bhèni èci ka,RECP-meet with child woman one PART,"(He) met a girl, then",41
la-ladhe ana bhèni na ka,DUP-see child woman DIST.SG PART,"(He) looked at the girl, then",41
rage hadhu ka na bèbhe,hit stone PART 3SGCL fall,(He) hit the stone then he fell down,41
ka hua sa paceba,PART fruit DIST.PL spread,Those fruits spread around,41
na kèdi ka,3SGCL get.up PART,"He got up, then",41
la-ladhe urutuu na nu'a,DUP-see knee 3SGCL injury,(he) look at his knee that injured,41
tao salai rui rèka,make stroke bone tool,(he) stroke (his) bone,41
aa... ana leo sèra mai ka mai bantu,PART child other DIST.PL come PART come assist,the other children came then helped (him),41
ra,3PL.CL,they,42
da'u hua sèra dara karanjang deo na,scoop fruit DIST.PL inside basket just.now DIST.SG,(they) scooped the fruits into the basket,42
pa-mèu isi sèra,CAUS-CLean body DIST.PL,Clean up their body,42
na pa-titu sapeda ka,3SG.CL CAUS-stand bicycle PART,"He arouse the bicycle, then",42
ra isi hua deo sèra asa dara karanjang ka,3PL.CL fill fruit just.now DIST.PL to inside basket(IND) PART,"They filled the fruits into the basket, then",42
pa-ca'e hari asa sapeda,CAUS-CLimb again to bicyCLe(IND),(He) put again (the fruits) on the bicycle,42
pa-ca'e hari asa sapeda ka,CAUS-CLimb again to bicycLe PART,"After putting on the bicycle, then",42
na dede eele hadhu ka kako hari,3SG.CL lift PART stone PART walk again,He throw the stone then walk again,42
aa... ana deo na ana dhu bantu nu sèra kako hari la-si,PART child just.now DIST.SG child REL help(IND) 3SG DIST.PL walk again go-3PL,The children who helped him left again,42
ana deo sa kako kako ka,child just.now DIST.PL walk walk PART,When the children are walking,43
ra paroa hari,3PL.CL call again,They called again,43
ra sasoo,3PL.CL whistle,They whistle,43
"na kako hari mai nèti solo ana mone na, na bhèlu eele",3SG.CL walk again come 3SG.bring hat child man DIST.SG 3SG.CL forget PART,He came again bringing the hat of the boy that he forgot,43
na hia solo na la-'e ka,3SGCL give hat 3SG.CL go-3SG PART,"He gave the hat then he left, then",43
ana mone na hia hua ka nèngu kako taruu,child man DIST.SG give fruit PART 3SG walk continue,the boy gave fruits then he continue walking,43
ana deo èèna mai tao rai,child just.now DIST.SG come make run,The child came by running,43
ka mai ka pa-bagi hua dhu nèngu abhu deo sèra,PART come PART RECP-divide fruit REL 3SG get just.now DIST.PL,"(When he) came, (he) shared the fruits that he got",43
ana mone èèna n-are permainan èci dara saku,child man DIST.SG 3SG-take game(IND) one inside bag,The boy took a game from his bag,43
mone heka deo èèna puru ngèti kolo aj'u mai ka,man old just.now DIST.SG go. down from top wood come PART,"The old man went down from the tree, then",44
na cag'ag'a,3SG.CL startled,He startled,44
te karanjang nu èci eele,PART basket(IND) 3SG one PART,because one of his basket was lost,44
na iga,then count,He counted,44
na kura èci,then lack one,lack one,44
aa ana deo dhu bantu ana mone deo èèna kako mai re sèra,PART child just.now REL assist child man just.now DIST.SG walk come via DIST.PL,The child who helped the boy came through there,44
kèpe dènge hua,hold with fruit,holding fruits,44
ka mone heka èèna laladhe,PART man old DIST.SG see,Then the old man saw,44
ana deo sèra kako taruu,child just.now DIST.PL walk continue,The children continue walking,44
