English,Luang
abram,
laban,
leah,
flocks,
abimelech,
camels,
sarai,
ishmael,
donkeys,
dreamed,
youngest,
heth,
herds,
bethel,
ephron,
beersheba,
paddan,
edom,
chiefs,
sack,
history,
ham,
mamre,
goshen,
expanse,
canaanites,
seir,
bethuel,
bilhah,
speckled,
anah,
thin,
adah,
japheth,
philistines,
plain,
hittite,
venison,
dinah,
bearer,
sacks,
creeps,
zoar,
gerar,
zilpah,
streaked,
oholibamah,
eliphaz,
baker,
eden,
fat,
enosh,
arpachshad,
milcah,
herdsmen,
dan,
machpelah,
basemath,
savory,
spotted,
stolen,
zibeon,
ugly,
kenan,
mahalalel,
withheld,
hebron,
chedorlaomer,
bela,
foreskin,
shoulder,
reuel,
onan,
moves,
havilah,
cush,
expression,
require,
shinar,
horites,
el,
inhabitants,
mandrakes,
gilead,
hollow,
ephrath,
lotan,
dishon,
ishmaelites,
sheol,
wagons,
till,
eastward,
pleasant,
flows,
assyria,
zillah,
tubal,
pairs,
receded,
token,
mizraim,
sheba,
dedan,
hunter,
rehoboth,
amorites,
border,
admah,
elam,
uz,
joktan,
jobab,
ur,
chaldees,
oak,
dealt,
perizzites,
oaks,
siddim,
kadesh,
amorite,
thread,
prey,
mistress,
shur,
beer,
lahai,
roi,
consumed,
phicol,
ewe,
concubine,
zohar,
shekels,
bracelets,
nebaioth,
hadad,
hairy,
stew,
envied,
encamped,
argued,
elon,
smell,
luz,
wrestled,
teraphim,
grave,
jeush,
jalam,
teman,
kenaz,
timna,
shobal,
ezer,
dishan,
shaul,
colors,
potiphar,
adullamite,
timnah,
signet,
sleek,
blasted,
asenath,
potiphera,
gray,
slaves,
nostrils,
comparable,
bruise,
fugitive,
wanderer,
irad,
mehujael,
methushael,
ninety,
floodwaters,
seventeenth,
fountains,
windows,
restrained,
abated,
smelled,
backwards,
gomer,
javan,
raamah,
nimrod,
babel,
calah,
jebusites,
girgashites,
tar,
ai,
amraphel,
arioch,
ellasar,
tidal,
