"languageCode","translationId","languageName","languageNameInEnglish","dialect","homeDomain","title","description","Redistributable","Copyright","UpdateDate","publicationURL","OTbooks","OTchapters","OTverses","NTbooks","NTchapters","NTverses","DCbooks","DCchapters","DCverses","FCBHID","Certified","inScript","swordName","rodCode","textDirection","downloadable","font","shortTitle","PODISBN","script","sourceDate"
"eng","engamp","English","English","American","eBible.org","The Amplified Bible (2015)","The Amplified Bible in English, 2015 edition","False","Copyright © 2015 The Lockman Foundation","2018-12-16","http://eBible.org/engamp/","39","929","23145","27","260","7958","0","0","0","ENGAMP","False","http://inscript.org/?v1=GN1_1&w1=bible&t1=local%3A","engampeb","00025","ltr","False","FreeSerif","Amplified Bible 2015","","Latin","2020-11-30"
"eng","engaoi","English","English","","ebible.org","Anindilyakwa English Bible","Portions of the Holy Bible in English easy for Anindilyakwa speakers in Australia to understand.","True","Copyright © 2021 Bible Society Australia","2021-11-23","http://ebible.org/engaoi/","2","54","1485","4","41","1472","0","0","0","ENGAOI","False","http://eBible.org/study/?v1=GN1_1&w1=bible&t1=local%3A","engaoi2021eb","","ltr","True","DejaVu Serif","Anindilyakwa English Bible","","Latin","2021-11-24"
"eng","eng-asv","English","English","Archaic American","ebible.org","American Standard Version (1901)","The American Standard Version of the Holy Bible, first published in 1901.","True","public domain","2024-07-13","http://ebible.org/eng-asv/","39","929","23145","27","260","7957","0","0","0","ENGASV","True","http://eBible.org/study/?v1=GN1_1&w1=bible&t1=local%3A","engASV1901eb","00025","ltr","True","Gentium","American Standard Version (1901)","978-1-5313-0210-8","Latin","2024-07-13"
"eng","engasvbt","English","English","Archaic American","ebible.org","American Standard Version Byzantine Text","The Holy Bible with Apocrypha, American Standard Version conformed to the Byzantine Text New Testament","True","public domain","2024-07-13","http://ebible.org/engasvbt/","39","929","23145","27","260","7953","18","216","6744","ENGABT","True","http://eBible.org/study/?v1=GN1_1&w1=bible&t1=local%3A","engasvbt2021eb","","ltr","True","DejaVu Serif","ASV Byzantine Text","","Latin","2024-07-13"
"eng","engBBE","English","English","simple British","ebible.org","Bible in Basic English","The Bible in Basic English","True","public domain","2020-04-17","http://ebible.org/engBBE/","39","929","23145","27","260","7957","0","0","0","ENGBBE","True","http://eBible.org/study/?v1=GN1_1&w1=bible&t1=local%3A","engBBE1964eb","03222","ltr","True","Gentium","Bible in Basic English","978-1-5313-0221-4","Latin","2018-08-29"
"eng","eng-Brenton","English","English","archaic British","ebible.org","Brenton Septuagint Translation","Translation of the Greek Septuagint into English by Sir Lancelot Charles Lee Brenton","True","public domain","2023-09-21","http://ebible.org/eng-Brenton/","37","921","22970","0","0","0","16","196","6034","ENGBRE","True","http://eBible.org/study/?v1=GN1_1&w1=bible&t1=local%3A","engBrent1851eb","03222","ltr","True","Gentium Plus","Brenton English Septuagint","978-1-5313-0209-2","Latin","2023-09-21"
"eng","engbsb","English","English","","ebible.org","Berean Standard Bible","The Holy Bible in English: Berean Standard Bible","True","public domain","2024-07-13","http://ebible.org/engbsb/","39","929","23145","27","260","7941","0","0","0","ENGBSB","True","http://eBible.org/study/?v1=GN1_1&w1=bible&t1=local%3A","engbsb2020eb","","ltr","True","DejaVu Serif","English Berean Standard Bible","","Latin","2024-07-13"
"eng","engDBY","English","English","archaic British","ebible.org","Darby Translation","The Holy Scriptures, a New Translation from the Original Languages by J. N. Darby","True","public domain","2019-11-15","http://ebible.org/engDBY/","39","929","23145","27","260","7954","0","0","0","ENGDBY","True","http://eBible.org/study/?v1=GN1_1&w1=bible&t1=local%3A","engDBY1884eb","00025","ltr","True","Gentium","Darby Translation","978-1-5313-0222-1","Latin","2019-11-16"
"eng","engDRA","English","English","archaic American","ebible.org","Douay-Rheims 1899","The Holy Bible in English, Douay-Rheims American Edition of 1899, translated from the Latin Vulgate","True","public domain","2022-11-03","http://ebible.org/engDRA/","39","937","23487","27","260","7951","7","137","4373","ENGDRV","True","http://eBible.org/study/?v1=GN1_1&w1=bible&t1=local%3A","engDRA1899eb","03222","ltr","True","Gentium","Douay-Rheims 1899","978-1-5313-0223-8","Latin","2022-11-03"
"eng","engemtv","English","English","","ebible.org","English Majority Text Version","The New Testament, English Majority Text Version","True","Copyright © 2014 Dr. Paul W. Esposito","2020-12-20","http://ebible.org/engemtv/","0","0","0","27","260","7954","0","0","0","ENGEMTV","True","http://eBible.org/study/?v1=GN1_1&w1=bible&t1=local%3A","engemtveb","","ltr","True","DejaVu Serif","English Majority Text Version","","Latin","2021-11-30"
"eng","engerv","English","English","American","ebible.org","Easy-to-Read Version","The Holy Bible, Easy-to-Read Version","False","Copyright © 1987, 1999, 2006 Bible League International","2018-08-30","http://ebible.org/engerv/","39","929","22826","27","260","7901","0","0","0","ENGERV","False","http://inscript.org/?v1=GN1_1&w1=bible&t1=local%3A","engerv2006eb","00025","ltr","True","DejaVu Serif","Easy-to-Read Version","","Latin","2018-08-30"
"eng","engf35","English","English","American","ebible.org","The New Testament with Commentary","The New Testament with Commentary according to Family 35, 2nd Edition","True","Copyright © 2016 Wilbur N. Pickering, ThM, PhD","2024-07-13","http://ebible.org/engf35/","0","0","0","27","260","7953","0","0","0","ENGF35","True","http://eBible.org/study/?v1=GN1_1&w1=bible&t1=local%3A","engf35eb","","ltr","True","DejaVu Serif","Family 35 NT","","Latin","2024-07-13"
"eng","engfbv","English","English","American","ebible.org","Free Bible Version","The New Testament and Psalms in the Free Bible Version translation in American English","True","Copyright © 2018 Dr. Jonathan Gallagher","2024-07-13","http://ebible.org/engfbv/","39","929","23145","27","260","7959","0","0","0","ENGFBV","True","http://eBible.org/study/?v1=GN1_1&w1=bible&t1=local%3A","engfbv2018eb","00025","ltr","True","DejaVu Serif","Free Bible Version","","Latin","2024-07-13"
"eng","eng-glw","English","English","American","ebible.org","God's Living Word","God's Living Word—a translation of John and John's Letters into modern English","True","Copyright © 1996 Michael Paul Johnson","2018-08-24","http://ebible.org/eng-glw/","0","0","0","4","28","1012","0","0","0","ENGGLW","True","http://eBible.org/study/?v1=GN1_1&w1=bible&t1=local%3A","engGLW1996eb","00025","ltr","True","Gentium","God's Living Word","978-1-5313-0211-5","Latin","2018-08-24"
"eng","enggnv","English","English","Old","ebible.org","Geneva Bible 1599","The Geneva Bible in Old English of 1599","True","public domain","2024-03-16","http://ebible.org/enggnv/","39","929","23137","27","260","7953","0","0","0","ENGGNV","True","http://eBible.org/study/?v1=GN1_1&w1=bible&t1=local%3A","enggnv1599eb","","ltr","True","DejaVu Serif","Geneva Bible 1599","","Latin","2024-03-16"
"eng","enggw","English","English","American","ebible.org","GOD'S WORD","The Holy Bible in English: GOD'S WORD translation","False","Copyright © 1995, 2003, 2013, 2014, 2019, 2020 God’s Word to the Nations Mission Society, Inc.","2023-09-19","http://ebible.org/enggw/","39","929","23141","27","260","7943","0","0","0","ENGGWG","False","http://inscript.org/?v1=GN1_1&w1=bible&t1=local%3A","enggw2020eb","","ltr","True","DejaVu Serif","English: GOD'S WORD","","Latin","2022-12-14"
"eng","engjps","English","English","American","ebible.org","JPS TaNaKH 1917","The Jewish Bible (Old Testament) in English, published by the Jewish Publication Society in 1917","True","public domain","2023-09-19","http://ebible.org/engjps/","39","929","23145","0","0","0","0","0","0","ENGJPS","True","http://eBible.org/study/?v1=GN1_1&w1=bible&t1=local%3A","engjps1917eb","","ltr","True","DejaVu Serif","JPS TaNaKH 1917","","Latin","2021-11-30"
"eng","eng-kjv","English","English","archaic British","ebible.org","King James Version + Apocrypha","The King James Version or Authorized Version of the Holy Bible, using the standardized text of 1769, with Apocrypha/Deuterocanon","True","public domain","2023-05-10","http://ebible.org/eng-kjv/","39","929","23145","27","260","7957","14","173","5720","ENGKJA","True","http://eBible.org/study/?v1=GN1_1&w1=bible&t1=local%3A","engKJV1769eb","03222","ltr","True","Gentium","King James Version + Apocrypha","978-1-5313-0212-2","Latin","2023-08-02"
"eng","eng-kjv2006","English","English","archaic British","ebible.org","King James (Authorized) Version","The King James Version or Authorized Version of the Holy Bible, using the standardized text of 1769, protocanon only, with Strong's numbers added.","True","public domain","2023-08-02","http://ebible.org/eng-kjv2006/","39","929","23145","27","260","7957","0","0","0","ENGKJV","True","http://eBible.org/study/?v1=GN1_1&w1=bible&t1=local%3A","engKJV2006eb","03222","ltr","True","Gentium","King James Version","978-1-5313-0213-9","Latin","2023-08-02"
"eng","engkjvcpb","English","English","","ebible.org","KJV Cambridge Paragraph Bible","The King James Version or Authorized Version of the Holy Bible, Cambridge Paragraph Bible edition","True","public domain","2020-12-20","http://ebible.org/engkjvcpb/","39","929","23145","27","260","7957","14","172","5720","ENGCPB","True","http://eBible.org/study/?v1=GN1_1&w1=bible&t1=local%3A","engkjvcpbeb","","ltr","True","DejaVu Serif","KJV Cambridge Paragraph","","Latin","2021-11-30"
"eng","englee","English","English","archaic British","ebible.org","Isaac Leeser Tanakh","The Isaac Leeser Tanakh (Jewish Bible)","True","public domain","2020-10-14","http://ebible.org/englee/","39","929","23145","0","0","0","0","0","0","ENGLEE","True","http://eBible.org/study/?v1=GN1_1&w1=bible&t1=local%3A","englee1853eb","","ltr","True","DejaVu Serif","Leeser Tanakh","","Latin","2019-10-25"
"eng","englsv","English","English","American","eBible.org","Literal Standard Version","The Holy Bible in English, Literal Standard Version","True","Copyright © 2020 Covenant Press","2024-07-13","http://eBible.org/englsv/","39","929","23145","27","260","7959","0","0","0","ENGLSV","True","http://eBible.org/study/?v1=GN1_1&w1=bible&t1=local%3A","englsv2020eb","00025","ltr","True","DejaVu Serif","English LSV","","Latin","2024-07-13"
"eng","eng-lxx2012","English","English","American","ebible.org","LXX2012: Septuagint in American English 2012","The Septuagint with Apocrypha, translated from Greek to English by Sir Lancelot C. L. Brenton and published in 1885, with some language updates (American English)","True","public domain","2024-04-17","http://ebible.org/eng-lxx2012/","39","930","22876","0","0","0","15","175","5449","ENGLXX","True","http://eBible.org/study/?v1=GN1_1&w1=bible&t1=local%3A","engLXX2012eb","00025","ltr","True","DejaVu Sans","LXX2012 U. S. English","978-1-5313-0214-6","Latin","2024-04-17"
"eng","englxxup","English","English","Mixed","ebible.org","Updated Brenton English Septuagint","Spelling and formatting update of the Brenton English Septuagint with Apocrypha","True","public domain","2020-07-17","http://ebible.org/englxxup/","36","908","22561","0","0","0","16","196","6034","ENGBOY","True","http://eBible.org/study/?v1=GN1_1&w1=bible&t1=local%3A","engbrentupeb","","ltr","True","DejaVu Serif","Updated Brenton English Septuagint","","Latin","2021-11-30"
"eng","engnasb","English","English","American","eBible.org","New American Standard Bible","New American Standard Bible (1995)","False","Copyright © 1960, 1962, 1963, 1968, 1971, 1972, 1973, 1975, 1977, 1995 The Lockman Foundation, La Habra, Calif.","2018-12-13","http://eBible.org/engnasb/","39","929","23145","27","260","7958","0","0","0","ENGNAS","False","http://inscript.org/?v1=GN1_1&w1=bible&t1=local%3A","engnasbeb","00025","ltr","False","DejaVu Serif","NASB 1995","","Latin","2021-07-21"
"eng","engnet","English","English","American","ebible.org","NET Bible","NET Bible®, New English Translation (NET)","True","Copyright © 1996-2016 Biblical Studies Press, L. L. C.","2021-05-19","http://ebible.org/engnet/","39","929","23145","27","260","7957","0","0","0","ENGNET","False","http://eBible.org/study/?v1=GN1_1&w1=bible&t1=local%3A","engNET2016eb","00025","ltr","True","Gentium Plus","NET Bible","978-1-5313-0793-6","Latin","2022-09-05"
"eng","engnna","English","English","","ebible.org","Nyangumarta English Bible","Portions of the Holy Bible in English, translated to be a companion to the Nyangumarta Bible","True","Copyright © 1980-2010 Wycliffe Bible Translators, Inc.","2020-12-20","http://ebible.org/engnna/","8","50","756","18","55","622","0","0","0","ENGNNA","False","http://eBible.org/study/?v1=GN1_1&w1=bible&t1=local%3A","engnna2010eb","","ltr","True","DejaVu Serif","Nyangumarta English Bible","","Latin","2020-04-07"
"eng","engnoy","English","English","archaic British","ebible.org","George Noyes Bible","The Holy Bible, translated into English by George Noyes (1869)","True","public domain","2019-10-24","http://ebible.org/engnoy/","22","493","10275","27","260","7956","0","0","0","ENGNOY","True","http://eBible.org/study/?v1=GN1_1&w1=bible&t1=local%3A","engnoy1869eb","","ltr","True","DejaVu Serif","Noyes Bible","","Latin","2019-10-25"
"eng","engoebcw","English","English","","ebible.org","Open English Bible (Commonwealth Spelling)","The Holy Bible, Open English Bible translation, with Commonwealth spelling","True","public domain","2024-07-13","http://ebible.org/engoebcw/","15","231","3763","27","260","7959","0","0","0","ENGOE1","False","http://eBible.org/study/?v1=GN1_1&w1=bible&t1=local%3A","engoebcweb","03222","ltr","True","Gentium","Open English Bible (Commonwealth)","978-1-5313-0224-5","Latin","2024-07-13"
"eng","engoebus","English","English","","ebible.org","Open English Bible (U. S. spelling)","The Holy Bible, Open English Bible translation, U. S. spelling edition","True","public domain","2024-07-13","http://ebible.org/engoebus/","15","231","3763","27","260","7959","0","0","0","ENGOEB","False","http://eBible.org/study/?v1=GN1_1&w1=bible&t1=local%3A","engoebuseb","00025","ltr","True","Gentium","Open English Bible (US)","978-1-5313-0225-2","Latin","2024-07-13"
"eng","engoke","English","English","","ebible.org","Targum Onkelos Etheridge","The Targums of Onkelos and Jonathan Ben Uzziel On the Pentateuch With The Fragments of the Jerusalem Targum From the Chaldee by J. W. Etheridge, M.A. First Published 1862-65.","True","public domain","2020-12-20","http://ebible.org/engoke/","5","187","5848","0","0","0","0","0","0","ENGOKE","True","http://eBible.org/study/?v1=GN1_1&w1=bible&t1=local%3A","engoke1865eb","","ltr","True","DejaVu Serif","Targum Onkelos Etheridge","","Latin","2021-11-30"
"eng","engourb","English","English","American","ebible.org","One Unity Resource Bible","The One Unity Resource Bible translation of the Holy Bible into American English with some transliterated Hebrew notations","True","Copyright © 2016 Thomas Robinson","2016-10-03","http://ebible.org/engourb/","8","434","10520","4","89","3779","2","17","931","ENGOUR","True","http://eBible.org/study/?v1=GN1_1&w1=bible&t1=local%3A","engourb2016eb","","ltr","True","DejaVu Serif","One Unity Resource Bible","978-1-5313-0840-7","Latin","2020-10-09"
"eng","engPEV","Aboriginal English","English","Australian Aboriginal","ebible.org","Plain English Version","Portions of the Holy Bible in the Plain English Version translation for Australian Aboriginal people who speak English as a second language","True","Copyright © 2019 The Plain English Project","2024-07-13","http://ebible.org/engPEV/","5","61","1123","21","192","5042","0","0","0","ENGPEV","True","http://eBible.org/study/?v1=GN1_1&w1=bible&t1=local%3A","engPEV2019eb","","ltr","True","DejaVu Serif","Plain English Version","","Latin","2024-07-16"
"eng","eng-rv","English","English","archaic British","ebible.org","Revised Version with Apocrypha (1895)","The Revised Version of the Holy Bible (1895) with Apocrypha","True","public domain","2024-07-13","http://ebible.org/eng-rv/","39","929","23145","27","260","7957","14","173","5776","ENGRV5","True","http://eBible.org/study/?v1=GN1_1&w1=bible&t1=local%3A","engRV1895eb","03222","ltr","True","Gentium","Revised Version","978-1-5313-0215-3","Latin","2024-07-13"
"eng","eng-t4t","English","English","American","ebible.org","Translation for Translators","A Bible Translation for Bible Translators which makes implied information explicit in the text as an aid to the translator who may need that information to correctly translate into a particular language.","True","Copyright © 2008-2017 Ellis W. Deibler, Jr.","2024-02-21","http://ebible.org/eng-t4t/","39","929","22769","27","260","7871","0","0","0","ENGT4T","True","http://eBible.org/study/?v1=GN1_1&w1=bible&t1=local%3A","engT4T2014eb","00025","ltr","True","DejaVu Serif","Translation for Translators","978-1-5313-0216-0","Latin","2024-07-13"
"eng","engtcent","English","English","","ebible.org","Text-Critical English New Testament","The New Testament based on the Byzantine Text with extensive text-critical footnotes","True","Copyright © 2022 Robert Adam Boyd","2024-05-31","http://ebible.org/engtcent/","0","0","0","27","260","7953","0","0","0","ENGTCE","False","http://eBible.org/study/?v1=GN1_1&w1=bible&t1=local%3A","engtcent2022eb","","ltr","True","DejaVu Serif","Text-Critical English NT","","Latin","2024-07-17"
"eng","engtnt","English","English","archaic British","ebible.org","Tyndale New Testament","The Tyndale New Testament (1534)","True","public domain","2020-12-20","http://ebible.org/engtnt/","0","0","0","27","260","7957","0","0","0","ENGTNT","True","http://eBible.org/study/?v1=GN1_1&w1=bible&t1=local%3A","engtnteb","","ltr","True","DejaVu Serif","Tyndale NT","","Latin","2019-10-23"
"eng","eng-uk-lxx2012","English","English","British","ebible.org","LXX2012: Septuagint in British/International English 2012","The Septuagint with Apocrypha, translated from Greek to English by Sir Lancelot C. L. Brenton and published in 1885, with some language updates (British/International English)","True","public domain","2024-03-19","http://ebible.org/eng-uk-lxx2012/","39","930","22876","0","0","0","15","175","5449","ENGLXU","True","http://eBible.org/study/?v1=GN1_1&w1=bible&t1=local%3A","engUKLXX2012eb","03222","ltr","True","FreeSerif","British English Septuagint 2012","978-1-5313-0217-7","Latin","2024-07-13"
"eng","engULB","English","English","","ebible.org","Unlocked Literal Bible","The Holy Bible in English, Unlocked Literal Bible translation","True","Copyright © 2017 Door43 World Missions Community","2020-12-04","http://ebible.org/engULB/","39","929","23135","27","260","7959","0","0","0","ENGULB","True","http://eBible.org/study/?v1=GN1_1&w1=bible&t1=local%3A","engULB2017eb","","ltr","True","DejaVu Serif","Unlocked Literal Bible","","Latin","2019-06-13"
"eng","eng-web","English","English","American","ebible.org","World English Bible with Deuterocanon","The World English Bible is a Public Domain translation of the Holy Bible into modern English. Includes Apocrypha/Deuterocanon.","True","public domain","2024-07-13","http://ebible.org/eng-web/","39","929","23145","27","260","7958","15","213","6955","ENGWEB","True","http://eBible.org/study/?v1=GN1_1&w1=bible&t1=local%3A","engWEB2015eb","00025","ltr","True","Gentium Plus","World English Bible with Deuterocanon","978-1-5313-0218-4","Latin","2024-07-13"
"eng","eng-webbe","English","English","British","ebible.org","World English Bible British Edition with Deuterocanon","The World English Bible British Edition is a Public Domain translation of the Holy Bible into contemporary British/International English. Includes Apocrypha/Deuterocanon.","True","public domain","2024-07-13","http://ebible.org/eng-webbe/","39","929","23145","27","260","7958","15","213","6955","ENGWEU","True","http://eBible.org/study/?v1=GN1_1&w1=bible&t1=local%3A","engWEBBE2015eb","03222","ltr","True","Gentium Plus","World English Bible British Edition with Deuterocanon","978-1-5313-0220-7","Latin","2024-07-13"
"eng","eng-web-c","English","English","American","ebible.org","World English Bible (Catholic)","The World English Bible with Catholic Book Order","True","public domain","2024-06-22","http://ebible.org/eng-web-c/","37","907","22621","27","260","7958","9","161","4829","ENGWEBC","True","http://eBible.org/study/?v1=GN1_1&w1=bible&t1=local%3A","engWEBc2015eb","00025","ltr","True","Gentium Plus","World English Bible (Catholic)","978-1-5313-0219-1","Latin","2024-07-13"
"eng","engwebp","English","English","American","ebible.org","World English Bible","The World English Bible is a Public Domain translation of the Holy Bible into modern English.","True","public domain","2024-06-22","http://ebible.org/engwebp/","39","929","23145","27","260","7958","0","0","0","ENGWEBP","True","http://eBible.org/study/?v1=GN1_1&w1=bible&t1=local%3A","engWEB2015peb","00025","ltr","True","Gentium Plus","World English Bible","978-1-5313-0226-9","Latin","2024-07-13"
"eng","engwebpb","English","English","British","ebible.org","World English Bible British Edition","The World English Bible British Edition is a Public Domain translation of the Holy Bible into contemporary British/International English.","True","public domain","2024-04-15","http://ebible.org/engwebpb/","39","929","23145","27","260","7958","0","0","0","ENGWEBPB","True","http://eBible.org/study/?v1=GN1_1&w1=bible&t1=local%3A","engWEBBE2015peb","03222","ltr","True","Gentium Plus","World English Bible British Edition","978-1-5313-0227-6","Latin","2024-07-13"
"eng","engwebster","English","English","archaic American","ebible.org","Noah Webster Bible","The Holy Bible, Containing the Old and New Testaments, in the Common Version, with Amendments of the language by Noah Webster, LL.D.","True","public domain","2019-10-22","http://ebible.org/engwebster/","39","929","23145","27","260","7957","0","0","0","ENGWBS","True","http://eBible.org/study/?v1=GN1_1&w1=bible&t1=local%3A","engwebster1833eb","","ltr","True","DejaVu Serif","Webster Bible","","Latin","2019-10-23"
"eng","engwebu","English","English","American","ebible.org","World English Bible Updated","The Holy Bible in English, World English Bible Upudated translation","True","public domain","2024-07-13","http://ebible.org/engwebu/","39","929","23145","27","260","7958","15","213","6955","ENGWEBU","True","http://eBible.org/study/?v1=GN1_1&w1=bible&t1=local%3A","engwebu2024eb","","ltr","True","Gentium Plus","World English Bible Updated","","Latin","2024-07-13"
"eng","engwmb","English","English","American Messianic","ebible.org","World Messianic Bible","The World Messianic Bible is a Public Domain translation of the Holy Bible into modern English as spoken among Messianic Jews. It has also been called the World English Bible: Messianic Edition and the Hebrew Names Version.","True","public domain","2024-04-29","http://ebible.org/engwmb/","39","929","23145","27","260","7958","0","0","0","ENGWMB","True","http://eBible.org/study/?v1=GN1_1&w1=bible&t1=local%3A","engWMB2015eb","00025","ltr","True","Gentium Plus","World Messianic Bible","978-1-5313-0228-3","Latin","2024-07-13"
"eng","engwmbb","English","English","British Messianic","ebible.org","World Messianic Bible British Edition","The World Messianic Bible British Edition is a Public Domain translation of the Holy Bible into modern English as spoken among Messianic Jews outside of the United States of America. This translation is also known as the World English Bible: British Messianic Edition.","True","public domain","2024-07-12","http://ebible.org/engwmbb/","39","929","23145","27","260","7958","0","0","0","ENGWMU","True","http://eBible.org/study/?v1=GN1_1&w1=bible&t1=local%3A","engWMBB2015eb","03222","ltr","True","Gentium Plus","World Messianic Bible British Edition","978-1-5313-0229-0","Latin","2024-07-13"
"eng","engwyc2017","English","English","Archaic","ebible.org","Wycliffe's Bible with Modern Spelling","English: Wycliffe's Bible Modern Spelling (with Deuterocanon)","True","Copyright © 2001,2010,2011,2012,2013,2015 Terry Noble","2019-09-26","http://ebible.org/engwyc2017/","11","246","5976","5","31","778","2","31","1479","ENGWYC2017","True","http://eBible.org/study/?v1=GN1_1&w1=bible&t1=local%3A","engwyc2017eb","03222","ltr","True","DejaVu Serif","English: Wycliffe's Bible Modern Spelling (with Deuterocanon)","","Latin","2019-09-26"
"eng","engwyc2018","English","English","Archaic","ebible.org","Wycliffe's Bible with Modern Spelling (Enhanced)","English: Wycliffe's Bible Modern Spelling (Enhanced) (with Deuterocanon)","True","Copyright © 2001,2010,2011,2012,2013,2015 Terry Noble","2019-09-25","http://ebible.org/engwyc2018/","11","246","5976","5","31","778","2","31","1479","ENGWYC2018","True","http://eBible.org/study/?v1=GN1_1&w1=bible&t1=local%3A","engwyc2018eb","03222","ltr","True","DejaVu Serif","English: Wycliffe's Bible Modern Spelling (Enhanced) (with Deuterocanon)","","Latin","2019-09-26"
"eng","engWycliffe","Middle English","English","Middle","ebible.org","Wycliffe Bible","This is the Pentateuch and Gospels from The Holy Bible, containing the Old and New Testaments, with the apocryphal books, in the earliest English version made from the latin Vulgate by John Wycliffe and his followers. c.1395","True","public domain","2016-11-08","http://ebible.org/engWycliffe/","5","187","5843","4","89","3779","0","0","0","ENGW88","True","http://eBible.org/study/?v1=GN1_1&w1=bible&t1=local%3A","engWycliffe1395eb","03222","ltr","True","DejaVu Serif","Wycliffe Bible portions","978-1-5313-0845-2","Latin","2021-11-30"
"eng","engylt","ENGLISH","English","archaic British","ebible.org","Young's Literal Translation","Young's Literal Translation of the Holy Bible","True","public domain","2019-10-20","http://ebible.org/engylt/","39","929","23145","27","260","7957","0","0","0","ENGYLT","True","http://eBible.org/study/?v1=GN1_1&w1=bible&t1=local%3A","engylt1898eb","","ltr","True","Gentium","Young's Literal Translation","","Latin","2019-10-21"