oov_word,verse_reference,indonesian_text,dhao_text
abram,GEN 11:26,"Ketika Terah hidup selama 70 tahun, Abram, Nahor, dan Haran lahir baginya.","Lodꞌo umur Tera dꞌai pidhu nguru tèu risi, na abhu ana mone, dhèu tèlu: Abram, Nahor, dènge Haran."
laban,GEN 24:29-30,"Ribka mempunyai seorang saudara laki-laki bernama Laban, dan Laban berlari keluar untuk menemui hamba Abraham itu di dekat mata air. Hal itu dilakukannya segera setelah dia melihat anting-anting dan gelang yang dikenakan pada tangan adiknya, serta mendengar perkataan Ribka: “Begitulah yang dikatakan orang itu kepadaku.” Laban menemui hamba Abraham itu dan mendapatinya berdiri di sebelah unta-untanya di dekat mata air.","Ana mone Ribka, ngara na Laban. Ropa Laban ladhe nèdhi mèdha hualaa se, aa na tadèngi lii lolo ana hèni na, ka rai asa liꞌu laꞌe. Laꞌe soru dhèu sabꞌa Abraham dhu titu era dènge onta ra ètu madha èi."
lea,GEN 29:16,Laban mempunyai dua anak perempuan. Yang sulung bernama Lea dan yang lebih muda bernama Rahel.,"Laban ne, dhu dènge ana bhèni dhèu dua. Dhu uru, ngara na Lea. Aa ari na, ngara na Rahel."
abimelekh,GEN 20:2,"Abraham berkata tentang Sara, istrinya, “Dia adalah adikku,” sehingga Abimelekh, raja Gerar, menyuruh orang untuk mengambil Sara.","Hèia na peka dènge dhèu ètu sèra, aku nèngu na, “Sara ne, ana hèni jaꞌa.” Nèti èèna ka, Abimelek dhèu aae Gerar, pua dhèu lasi lii dꞌai Sara. Ka nèti ne mai asa dꞌara èmu dhèu aae."
het,GEN 10:15,"Kanaan adalah ayah Sidon, anak sulungnya, dan Het,","Ana uuru Kanaꞌan, nuka, Sidon. Kanaꞌan jꞌajꞌi bèi-baki nèti dhèu Het,"
ismael,GEN 16:11,"Lalu, Malaikat TUHAN itu berkata lagi kepadanya, “Dengar, kamu sedang mengandung dan akan melahirkan anak laki-laki. Kamu akan menamainya Ismael sebab TUHAN telah mendengar tentang penderitaanmu.","Èu dhu dènge babia. Nèbhu heka, èu mora iisi ana mone ca dhèu. Èèna na mu pangare ne Ismael (dhu sasoa na ‘Lamatua tadèngi’), lula LAMATUA tadèngi le lii roma iisi èu."
adik,GEN 24:59-60,"Jadi, mereka mengizinkan Ribka dan pengasuhnya pergi bersama hamba Abraham dan orang-orangnya. Mereka memberkati Ribka dan berkata kepadanya, “Adik perempuan kami, biarlah kamu menjadi berpuluh-puluh ribu; dan kiranya keturunanmu menduduki pintu gerbang negeri-negeri yang memusuhi mereka.”","Hèia ra hia Ribka dènge bhèni dhu leru ne karèi nèti ana iiki ka, ho lasi palere dènge dhèu sabꞌa Abraham sèra. Ka ra hia Ribka mèngi-nale, aku rèngu na, “Jiꞌi sanao-maena sèna ka Ama Lamatua hia èu mora iisi ana ae-ae, ho ana-èpu mu dꞌai riho-kehi. Aa jiꞌi sanao kahèi, sèna ka ana-èpu èu sèra segi aaꞌi musu rèngu sèra!”"
jenisnya,GEN 1:11,"Allah berfirman, “Biarlah bumi menumbuhkan rerumputan, tumbuh-tumbuhan berbiji, dan pohon buah yang berbuah menurut jenisnya dan berbiji di dalamnya, di atas bumi.” Lalu, jadilah demikian.","Ka Ama Lamatua lii hari, peka na, “Rai hudꞌi pamamuri ku rupa-rupa ana aajꞌu. Sèna ka abhu ajꞌu dhu hua, dhu dènge lamusi, aa dhu dènge rèu mangèru. Sèna ka ajꞌu-ajꞌu se, hua-hela madhutu rupa rèngu.” Ropa padhai lii nare sèmi neꞌe, jꞌajꞌi dènge ka ana aajꞌu aaꞌi-aaꞌi ra."
aram,GEN 10:22,"Keturunan Sem adalah Elam, Asyur, Arpakhsad, Lud, dan Aram.","Ana-èpu Sem, ka: Elam, Asyur, Arpaksad, Lud dènge Aram."
sarai,GEN 11:29,"Abram dan Nahor mengambil istri. Istri Abram bernama Sarai dan istri Nahor bernama Milka, anak Haran, ayah Milka dan Yiska.","Abram madhèdi dènge Sarai. Nahor leo dènge ana bhèni Haran, ngara na Milka. Haran abhu ana mone èci kahèi, ngara na Yiska."
kakaknya,GEN 30:1,"Ketika Rahel melihat bahwa dia tidak melahirkan anak bagi Yakub, dia cemburu terhadap kakaknya dan berkata kepada Yakub, “Berikanlah anak untukku, kalau tidak, aku akan mati!”","Te ngaa Rahel dhu abhu mèka ana. Nèti èèna ka, nèngu tèke dꞌara dènge aꞌa na. Hèia na peka dènge dhèu èmu na, “Aꞌa! Hia ku jaꞌa ana laa, ma. Ladhe aadꞌo, beꞌa risi jaꞌa madhe ka laa.”"
tendanya,GEN 9:21,"Pada suatu hari, Nuh minum anggur dan mabuk, lalu dia telanjang di dalam tendanya.","Ca tèka, na ninu èi anggor, ka na mahu titu kèna. Hèia na puru eele mèdha-papake nèti ua na. Ka na jꞌunu lega-loli dènge boe mèdha-papake ètu dꞌara paleo na."
betel,GEN 12:8,"Dari tempat itu, dia pindah ke pegunungan di sebelah timur Betel dan membentangkan tendanya dengan Betel di sebelah barat dan Ai di sebelah timur. Di sana, dia mendirikan mazbah bagi TUHAN dan memanggil nama TUHAN.","Èle èèna ka, Abram si pidha hari asa ledhe re balèu. Ka ra pea taha ètu talora rae Betel dènge rae Ai. Ètu èèna, na patitu mei korban èci ho na mangajꞌi mi LAMATUA."
efron,GEN 23:8,"Dia berkata kepada mereka, “Jika kamu telah menyetujui agar aku dapat menguburkan orang matiku dari hadapanku ini, dengarkanlah aku dan temuilah Efron keturunan Zohar itu demi aku,","Ka na padhai lii, peka na, “Ladhe miu sèmi lii jaꞌa na, jaꞌa manèngi ho peka dènge ana mone Sohar, dhu ngara na Efron."
edom,GEN 25:30,"Lalu, Esau berkata kepada Yakub, “Aku mohon kepadamu, biarkanlah aku makan sedikit dari yang merah-merah itu sebab aku sangat lelah.” Oleh sebab itu, orang menamakannya Edom.","Ka na peka dènge Yakob, aku nèngu na, “Ari, ee! Hia ku jaꞌa bubur kabꞌui mea ciki ètu dꞌara èru èèna, ho jaꞌa kuꞌa! Te jaꞌa manganga bia.” (Nèti èèna ka, ra pangare na, Edom, dhu sasoa na ‘mea’.)"
kakak,GEN 34:25,"Tiga hari kemudian, sewaktu mereka masih kesakitan, dua orang dari anak laki-laki Yakub, yaitu Simeon dan Lewi, kakak-kakak Dina, mengambil pedangnya masing-masing, dan memasuki kota itu dengan berani, lalu mereka membunuh semua laki-laki itu.","Dꞌara lodꞌo ka tèlu, ropa rèngu dhu suna se, nuꞌa ra dhu pèdꞌa era, ka ana mone Dina, Simeon dènge Lewi, rare samala ra, kako mau-mau, lasi asa dꞌara kota. Ka dua ra pare pamadhe aaꞌi-aaꞌi dhèu mone sèra."
merayap,GEN 1:26,"Kemudian, Allah berfirman, “Sekarang, mari Kita membuat manusia dalam rupa Kita, menurut keserupaan Kita. Biarlah mereka berkuasa atas ikan-ikan di laut, atas burung-burung di udara, atas ternak, atas seluruh bumi, dan atas segala yang melata yang merayap di bumi.”","Ka Ama Lamatua peka hari, aku Nèngu na, “Hua iia, mai Ta pajꞌajꞌi dhèu, madhutu rupa Èdhi. Hudꞌi laa ra leru dènge ator iꞌa aaꞌi-aaꞌi ètu dꞌara dhasi, manu-bhui aaꞌi-aaꞌi ètu dedha-liru, badha-manu dhu ani, dènge badha leo aaꞌi-aaꞌi ra dhu mamuri ètu rai-haha ne.”"
bersyeba,GEN 21:14,"Kemudian, Abraham bangun pagi-pagi sekali, lalu mengambil roti serta kantong kulit yang berisi air, dan memberikannya kepada Hagar. Dia meletakkan makanan dan air itu di pundak Hagar dan menyerahkan anak itu kepadanya, lalu menyuruh mereka pergi. Lalu, perempuan itu pergi mengembara di padang belantara Bersyeba.","Bèli madꞌae aae èèna, Abraham tao gee jꞌara hia Hagar, aa na kadhoe èi dꞌara baboꞌi cue mi kabela-kao na. Hèia na patabuli ka bhèni ne dènge ana na Ismael, ho lasi. Ka ra kako palème dꞌara mamoo dhu dètu dènge Beer-Syeba."
padan,GEN 25:20,"Ishak berumur 40 tahun ketika dia mengambil Ribka; anak perempuan Betuel, orang Aram dari Padan-Aram, dan adik perempuan Laban, orang Aram itu menjadi istrinya.","Lodꞌo Isak madhèdi dènge Ribka, umur na 40 (èpa nguru) tèu le. Ama Ribka, ngara na Betuel. Ana mone Ribka, ngara na Laban. Rèngu se, dhèu Aram, nèti Padan Aram."
tugu,GEN 28:18,"Karena itu, Yakub bangun pagi-pagi benar dan mengambil batu yang diletakkannya di bawah kepalanya. Lalu, dia menyusunnya menjadi sebuah tugu dan mencurahkan minyak ke atasnya.","Dꞌara madꞌae aae era, Yakob kèdꞌi le èèna. Ka nare hadhu dhu na tao lalaka deo na. Hèia na patitu jꞌajꞌi mi tadha. Ka na bhori èi mènyi asa dedha hadhu èèna, hèia na mangajꞌi mi Lamatua."
gosyen,GEN 45:10,"Engkau akan tinggal di tanah Gosyen dan engkau akan dekat denganku, engkau, dan anak-anakmu, dan anak-anak dari anak-anakmu, dan kawanan kambing dombamu, dan ternakmu, dan segala yang engkau miliki.","Ho èèna na, ama pea ètu rai Gosen padètu dènge nèngu. Era na beꞌa aa taleo. Sèna ka ama bisa piara kahibꞌi-kalèbho, kahibꞌi-kaꞌia dènge sapi aaꞌi-aaꞌi ra. Aa na manèngi kahèi ho ama laꞌe dènge ana-èpu, dènge isi èmu, dènge mèdha-panyau, ho pea taruu mi nèi."
ham,GEN 5:32,"Ketika Nuh hidup selama 500 tahun, Sem, Ham, dan Yafet lahir baginya.","Lodꞌo Noh mamuri dꞌai 500 (lèmi ngasu) tèu, na matana ana mone dhèu tèlu, Sem, Yafet dènge Ham."
mamre,GEN 13:18,"Setelah itu, Abram memindahkan tendanya dan tinggal di dekat pohon-pohon tarbantin Mamre, di Hebron. Di sana, dia membangun mazbah bagi TUHAN.","Hèia Abram si lèpa hari asa era pea ra, dhu dètu dènge ajꞌu-ajꞌu aae ètu Mamre, dhu padètu dènge Hebron. Èle èèna ka, na pudhi hadhu tao mei korban ho na mangajꞌi LAMATUA ètu èèna."
bermimpi,GEN 28:12,"Kemudian, dia bermimpi, dan lihatlah, sebuah tangga didirikan di atas bumi yang ujungnya sampai ke langit. Lihatlah, para malaikat Allah turun naik melaluinya.","Dꞌara mèda èèna, na nii. Na ladhe nèdhi langa èci dhu patitu ètu rai, suu na dꞌai dedha-liru. Ka ana pajuu Ama Lamatua nèti sorga, caꞌe-puru ètu dedha langa èèna."
permukaan,GEN 1:2,"Bumi tidak berbentuk dan kosong, kegelapan menutupi permukaan samudra, dan Roh Allah melayang-layang di atas permukaan air.","Lodꞌo rai-haha jꞌajꞌi mèka, aaꞌi-aaꞌi dhae mèci mèka. Dhu abhu, èi. Aa maroga aatu-aatu saguru nare ne. Ka Roh Lamatua lela ètu dedha èi èèna."
cakrawala,GEN 1:6-7,"Kemudian, Allah berfirman, “Jadilah cakrawala di tengah-tengah air untuk memisahkan air dari air!” Lalu, Allah membuat cakrawala dan memisahkan air yang ada di atas cakrawala itu dari air yang ada di bawah cakrawala itu. Lalu, jadilah demikian.","Hèia Ama Lamatua lii hari, Na peka, “Hudꞌi dènge ku era talele, sèna ka hagꞌe eele èi. Nèti èèna ka, èi re dedha, aa abhu kahèi èi re haha.” Ropa peka nare sèmi èèna, hèia èi bꞌagi dènge mi dua."
adikku,GEN 4:9,"Lalu, TUHAN bertanya kepada Kain, “Di mana Habel, adikmu?” Kain menjawab, “Aku tidak tahu. Apakah aku penjaga adikku?”","Ka LAMATUA karèi Kaen, aku Nèngu na, “Kaen! Ari mu ka mia?” Hèia Kaen dhaa, aku nèngu na, “Jaꞌa keꞌa boe na ètu mia! Èu ngee na, jaꞌa dhèu kèpe haga na, do?”"
yafet,GEN 5:32,"Ketika Nuh hidup selama 500 tahun, Sem, Ham, dan Yafet lahir baginya.","Lodꞌo Noh mamuri dꞌai 500 (lèmi ngasu) tèu, na matana ana mone dhèu tèlu, Sem, Yafet dènge Ham."
seir,GEN 14:6,"dan orang Hori yang tinggal di pegunungan mereka, Seir, sampai ke El-Paran di pinggir padang belantara.","dènge dhèu Hori dhu ètu ledhe Seir, dꞌai sebhe mamoo El Paran."
betuel,GEN 22:22,"Kemudian, Kesed, Hazo, Pildash, Yidlaf, dan Betuel.”","Ka na abhu hari Kesed, Haso, Pildas, Yidlaf, dènge Betuel."
bilha,GEN 29:29,"Laban memberikan hamba perempuannya, Bilha, kepada anaknya, Rahel, untuk menjadi hamba bagi anaknya itu.","Ka Laban hia ènu na dhèu bhèni èci, ngara na Bilha, sèna ka jꞌajꞌi mi ènu Rahel."
berbintik,GEN 30:32,"Hari ini, izinkan aku berjalan di antara kawanan kambing dombamu untuk memisahkan dari situ setiap domba yang berbintik-bintik dan bertutul, dan setiap anak domba yang berwarna gelap, dan setiap kambing yang bertutul atau berbintik-bintik. Itulah yang akan menjadi upahku.","Ladhe moꞌo, deo neꞌe kahèi, jaꞌa laku asa badha-manu toꞌo sèi, ho hagꞌe si. Mia dhu dènge boe katèdꞌa aa dènge boe karata, sèra sa unu toꞌo ku taruu. Te ngaa mia dhu dènge katèdꞌa aa dhu karata, hia mi jaꞌa. Dènge kahibꞌi-kalèbho dhu mèdhi, jaꞌa kora aaꞌi si. Seꞌe se, hudꞌi laa jꞌajꞌi mi babꞌae rui-jꞌajꞌèra jaꞌa."
bintik,GEN 30:32,"Hari ini, izinkan aku berjalan di antara kawanan kambing dombamu untuk memisahkan dari situ setiap domba yang berbintik-bintik dan bertutul, dan setiap anak domba yang berwarna gelap, dan setiap kambing yang bertutul atau berbintik-bintik. Itulah yang akan menjadi upahku.","Ladhe moꞌo, deo neꞌe kahèi, jaꞌa laku asa badha-manu toꞌo sèi, ho hagꞌe si. Mia dhu dènge boe katèdꞌa aa dènge boe karata, sèra sa unu toꞌo ku taruu. Te ngaa mia dhu dènge katèdꞌa aa dhu karata, hia mi jaꞌa. Dènge kahibꞌi-kalèbho dhu mèdhi, jaꞌa kora aaꞌi si. Seꞌe se, hudꞌi laa jꞌajꞌi mi babꞌae rui-jꞌajꞌèra jaꞌa."
piala,GEN 40:11,"Pada saat itu, di tanganku ada piala Firaun, lalu aku memetik buah anggur itu dan memerasnya ke dalam piala Firaun. Kemudian, aku memberikan piala itu ke tangan Firaun.”","Aa jaꞌa kèdꞌu galaa dhu dhèu aae biasa pake ninu. Jaꞌa puu hua anggor, ka pacèli èi sa dꞌara galaa deo na. Hèia kèti asa dhèu aae, hia na ninu.”"
karungnya,GEN 42:25,"Setelah itu, Yusuf memerintahkan untuk mengisi karung-karung mereka dengan gandum, mengembalikan uang masing-masing orang ke dalam karungnya, dan memberikan bekal untuk perjalanan kepada mereka. Dilaksanakanlah hal itu bagi mereka.","Èle èèna ka, Yusuf paredha dhèu sabꞌa sèra, ho soli are asa dꞌara karo aꞌa na si. Aa tao hari doi kabꞌua are sèra, asa dꞌara karo ra èci-èci. Ra tèke ètu hèbꞌa karo sèra. Na pua dhèu sabꞌa seꞌe, ho hia si dènge gee. Ka dhèu sabꞌa seꞌe lalau ka, madhutu ngaa dhu Yusuf paredha."
menetap,GEN 4:16,"Lalu, Kain pergi dari hadapan TUHAN dan menetap di tanah Nod, sebelah timur Eden.","Hèia Kaen tèke eele dènge era èèna. Laꞌe pakajꞌèu nèti LAMATUA, asa era èci, ètu bèka dhimu oka Eden. Era neꞌe, ngara na Nod dhu sasoa na, ‘lole-laa’. Ka na pea ètu era èèna."
filistin,GEN 10:14,"Patrusim, Kasluhim, yang adalah nenek moyang bangsa Filistin, dan Kaftorim.","dhèu Patrusim, dhèu Kasluhim, dènge dhèu Kaftorim. Dhèu Kasluhim nuka bèi-baki nèti dhèu Pilistin."
gerar,GEN 10:19,"Wilayah orang Kanaan membentang dari Sidon ke arah Gerar sampai ke Gaza, dan ke arah Sodom, Gomora, Adma, Zeboim, sampai ke Lasa.","toke too rai rèngu mulai nèti Sidon taruu asa Gerar, dꞌai Gasa. Nèti èèna, laꞌe dꞌai Sodom, Gomora, Adma dènge Seboim, dꞌai kota Lasa."
perempuanmu,GEN 19:15,"Pada waktu fajar, malaikat-malaikat itu mendesak Lot, katanya, “Bangun! Bawa istri dan kedua anak perempuanmu yang ada di sini, atau kamu juga akan dibinasakan dalam penghukuman kota ini!”","Bèli madꞌae aae era, ana pajuu Lamatua dhèu dua se, pakaseti Lot si, ho lasi karohe asa era kajꞌèu. Ra peka na, “Lami ka! Ère mèti dhèu èmu mu, dènge ana bhèni èu dhèu dua sèra, ho rai ka. Tèke eele kota neꞌe! Mage dhoka miu madhe aaꞌi palere-lere dènge kota ne.”"
pangkal,GEN 24:2-3,"Abraham berkata kepada hambanya yang tertua dalam rumahnya, yaitu hambanya yang bertanggung jawab atas seluruh harta miliknya, “Letakkanlah tanganmu di bawah pangkal pahaku. Aku mau supaya kamu bersumpah demi TUHAN, yaitu Allah langit dan Allah bumi, bahwa kamu tidak akan mengambil istri bagi anakku dari anak-anak perempuan Kanaan yang di tengah-tengahnya aku berdiam ini.","Abraham dhu dènge dhèu èci dhu na lèka ho ladhe-leru mèdha-panyau na. Ca lodꞌo, Abraham paroa nare, ka peka dènge ne, aku nèngu na, “Mu pasa dhilu èu paie-iie! Jaꞌa manèngi sèna ka èu subha madhe dènge kolongara LAMATUA. Nèngu ka, Ama Lamatua dhu tao dedha-liru dènge rai-haha ne. Dhu peka na, èu bisa boe more ana bhèni nèti dhèu Kanaꞌan, ho paleo dènge ana jaꞌa Isak."
anting,GEN 24:22,"Setelah unta-unta itu selesai minum, dia mengambil sepasang anting-anting emas seberat 0,5 syikal serta dua gelang emas seberat 10 syikal.","Onta se rinu toke bècu. Hèia dhèu ne nare kadheli sahènga, dènge kanau ca pasa. Mèdha se dhu tao nèti hualaa. Ka na pasa mi sahènga dènge pasaluu mi ai kariu dènge gꞌana ana bhèni ne."
bertutul,GEN 30:32,"Hari ini, izinkan aku berjalan di antara kawanan kambing dombamu untuk memisahkan dari situ setiap domba yang berbintik-bintik dan bertutul, dan setiap anak domba yang berwarna gelap, dan setiap kambing yang bertutul atau berbintik-bintik. Itulah yang akan menjadi upahku.","Ladhe moꞌo, deo neꞌe kahèi, jaꞌa laku asa badha-manu toꞌo sèi, ho hagꞌe si. Mia dhu dènge boe katèdꞌa aa dènge boe karata, sèra sa unu toꞌo ku taruu. Te ngaa mia dhu dènge katèdꞌa aa dhu karata, hia mi jaꞌa. Dènge kahibꞌi-kalèbho dhu mèdhi, jaꞌa kora aaꞌi si. Seꞌe se, hudꞌi laa jꞌajꞌi mi babꞌae rui-jꞌajꞌèra jaꞌa."
ana,GEN 36:2,"Esau mengambil istri dari anak-anak perempuan Kanaan, yaitu Ada, anak Elon, orang Het; Oholibama, anak Ana, anak perempuan Zibeon, orang Hewi;","Esau leo dènge ana bhèni Kanaꞌan dhèu dua. Èci dhèu Het, ana bhèni nèti Elon, ngara na Ada. Dhèu èmu na èci hari, dhèu Hewi, ngara na Oholibama. Ama na, ngara na Anah, aa baki na Sibeon."
petang,GEN 1:5,"Allah menyebut terang itu siang dan gelap itu malam. Jadilah petang dan jadilah pagi, itulah hari pertama.","Ka pangare saraa ne ‘mèu’, aa maroga na ‘mèda’. Neꞌe ne, lodꞌo ka èci kèna."
lahirlah,GEN 4:18,"Bagi Henokh, lahirlah Irad, dan Irad adalah ayah Mehuyael. Mehuyael adalah ayah Metusael, dan Metusael adalah ayah Lamekh.","Ka Henok matana Irad. Hèia Irad matana Mehuyael. Mehuyael matana Metusael. Aa ana Metusael, Lamek."
milka,GEN 11:29,"Abram dan Nahor mengambil istri. Istri Abram bernama Sarai dan istri Nahor bernama Milka, anak Haran, ayah Milka dan Yiska.","Abram madhèdi dènge Sarai. Nahor leo dènge ana bhèni Haran, ngara na Milka. Haran abhu ana mone èci kahèi, ngara na Yiska."
zoar,GEN 13:10,"Lalu, Lot mengarahkan matanya dan melihat seluruh Lembah Yordan, yang terairi dengan baik di mana-mana seperti taman TUHAN, seperti tanah Mesir ke arah Zoar. Keadaan itu adalah sebelum TUHAN membinasakan Sodom dan Gomora.","Hèia Lot ladhe palème. Ka na ladhe nèdhi rai taleo ètu sebhe loko Yarden dhu madha èi ae, toke dꞌai rae Soar. Era ne, rai hèu mèngi sama sèmi oka LAMATUA, dènge rai Masir kahèi. (Lodꞌo èèna, LAMATUA dhae huku mèka kota Sodom dènge kota Gomora. De rai èèna, beꞌa era.)"
kotanya,GEN 23:10,"Pada waktu itu, Efron sedang duduk di tengah-tengah keturunan Het itu. Lalu, Efron, orang Het itu menjawab Abraham dan didengar oleh para keturunan Het itu, yaitu semua orang yang datang ke pintu gerbang kotanya, katanya","Lodꞌo èèna, Efron madhèdi ètu era èèna kahèi, dènge dhèu-dhèu Het sèra. Ka na tadèngi kahèi lii padhai lii Abraham deo na. Hèia na kèdꞌi titu, ka na bꞌala Abraham ètu madha dhèu heka aaꞌi-aaꞌi ra ètu sèra, aku nèngu na,"
lezat,GEN 27:4,"Lalu, olahlah makanan lezat bagiku, seperti yang aku suka, dan bawalah kemari untuk kumakan supaya aku dapat memberkatimu sebelum aku mati.”","Mu pananasu pabeꞌa-beꞌa, madhutu dadꞌèi jaꞌa, ho mèti mai hia jaꞌa. Ladhe kuꞌa-kinu kora, jaꞌa hia mema èu mèngi-nale. Sadꞌi èu unu le mèngi-nale èèna, jaꞌa madhe èèna ka, ngaa-ngaa tao heka.”"
zilpa,GEN 29:23-27,"Malam itu, Laban mengambil anak perempuannya, Lea, dan membawanya kepada Yakub. Lalu, Yakub bersetubuh dengannya. Laban juga memberikan hamba perempuannya, Zilpa, kepada anaknya, Lea, untuk menjadi hamba anaknya itu. Keesokan paginya, lihatlah, itu adalah Lea! Karena itu, Yakub berkata kepada Laban, “Apa yang engkau lakukan terhadapku? Bukankah aku bekerja untukmu demi Rahel? Lalu, mengapa engkau menipuku?” Laban menjawab, “Bukan kebiasaan di negeri kami untuk memberikan yang termuda sebelum yang sulung. Genapilah dahulu 7 hari baginya, lalu kami akan memberikan dia juga kepadamu asalkan kamu kembali bekerja untukku selama tujuh tahun lagi.”","Ropa dꞌai mèda èèna, Laban hia boe Rahel, te ngaa na pua Lea maso asa dꞌara paleo Yakob. Ka Yakob jꞌunu dènge ne. Asa bèli èèna, Yakob heka neꞌa kèna, nèngu dhu leo dènge Lea di. Hèia Yakob laꞌe patao dènge Laban, aku nèngu na, “Nga tao ka, toꞌo pasèru jaꞌa sèmi neꞌe? Jaꞌa sabꞌa sèmi ènu pidhu tèu kateme hia mi èu, sèna ka bisa abhu Rahel! Nga tao ka toꞌo pasilu dènge Lea?” Ka Laban dhaa, “Baku nasa ku! Madhutu adꞌa jiꞌi ètu rai neꞌe, ari bisa boe leo uuru èmu nèti aꞌa. De beꞌa risi sèmi neꞌe! Èu mate hari ku pidhu lodꞌo, dꞌai èle tatao ne, heka èu abhu Rahel kèna. Sadꞌi èu sabꞌa hari hia jaꞌa pidhu tèu.” Hèia Laban pangèdꞌu dènge ènu bhèni èci, hia mi Lea. Ngara na Silpa."
dina,GEN 30:21,"Setelah itu, dia melahirkan seorang anak perempuan dan menamainya Dina.","Ka Lea nara iisi hari, te ngaa ana bhèni, ka na pangare na, Dina."
bergaris,GEN 30:35,"Namun, pada hari itu, dia memisahkan kambing-kambing jantan yang bergaris-garis dan bertutul, dan semua kambing betina yang berbintik-bintik dan bertutul, semua yang ada warna putih pada badannya. Dia juga memisahkan semua domba yang berwarna gelap, lalu Laban menyerahkannya ke tangan anak-anaknya.","Te ngaa ètu dꞌara lodꞌo èèna kahèi, Laban hagꞌe dènge badha dhu katèdꞌa, dhu karata, dènge kahibꞌi-kalèbho dhu mèdhi. Ka na pangèdꞌu mi ana na si, ho ladhe-leru."
tumpukan,GEN 31:46,"Yakub berkata kepada saudara-saudaranya, “Kumpulkanlah batu-batu.” Lalu, mereka mengambil batu-batu dan membuat satu tumpukan. Setelah itu, mereka makan di sana, di dekat tumpukan itu.","Hèia Yakob pua dhèu sabꞌa na, lasi udhu hadhu. Ka ra madhèdi raꞌa-rinu ètu era èèna, padètu dènge hadhu sèra."
oholibama,GEN 36:2,"Esau mengambil istri dari anak-anak perempuan Kanaan, yaitu Ada, anak Elon, orang Het; Oholibama, anak Ana, anak perempuan Zibeon, orang Hewi;","Esau leo dènge ana bhèni Kanaꞌan dhèu dua. Èci dhèu Het, ana bhèni nèti Elon, ngara na Ada. Dhèu èmu na èci hari, dhèu Hewi, ngara na Oholibama. Ama na, ngara na Anah, aa baki na Sibeon."
elifas,GEN 36:4,"Lalu, Ada melahirkan Elifas bagi Esau, Basmat melahirkan Rehuel,","Ada, dhèu èmu uuru Esau, nara iisi Elifas. Basmat matana Rahuel."
penggantinya,GEN 36:33,"Setelah Bela mati, yang memerintah sebagai penggantinya adalah Yobab, anak Zerah, dari Bozra.","Ropa Bela madhe, ra dedꞌe Yobab ho gati ne, jꞌajꞌi dhèu aae. Ama na, ngara na Sera, nèti rae Bosra."
kurus,GEN 41:3,"Kemudian, lihatlah, dari sungai muncul tujuh ekor sapi betina lainnya, yang kelihatan buruk dan kurus badannya, dan berdiri dengan sapi-sapi lainnya di tepi sungai itu.","Nèbhu boe, sapi pidhu ngiꞌu dhu leo hari, kalua nèti dꞌara loko deo na. Ngiꞌu sapi sèra malaka-godꞌa. Ra titu padètu dènge sapi kabèbꞌu sèra."
berlipatgandalah,GEN 1:22,"Allah memberkatinya, firman-Nya, “Berkembangbiaklah, dan berlipatgandalah, dan penuhilah air di lautan, dan biarlah burung-burung berlipat ganda di bumi.”","Ka Na padhai lii ho sèna ka hia berkat mi aaꞌi-aaꞌi dhu mamuri, peka na, “Iꞌa se, hudꞌi laa bèba-kacanga sèna ka papènu èi ètu mia-mia. Aa manu-bhui, asa tabha kahèi.”"
eden,GEN 2:8,"Lalu, TUHAN Allah membuat sebuah taman di sebelah timur, di Eden, dan di sana Dia menempatkan manusia yang telah dibentuk-Nya itu.","Hèia Ama LAMATUA bhoke oka cue ètu rai Eden, re bèka dhimu. Hèia Na hia dhèu ne pea ètu dꞌara oka na."
cantik,GEN 6:2,"anak-anak Allah melihat bahwa anak-anak perempuan manusia itu cantik, lalu mereka mengambil istri-istri yang mereka pilih untuk diri mereka sendiri.","Ana-ana mone nèti Lamatua ladhe rèdhi ana bhèni nèti dhèu rai-haha se, bhèni iia hua. Ka lasi todhe rare ana bhèni mia dhu ra dꞌèi."
sulungnya,GEN 10:15,"Kanaan adalah ayah Sidon, anak sulungnya, dan Het,","Ana uuru Kanaꞌan, nuka, Sidon. Kanaꞌan jꞌajꞌi bèi-baki nèti dhèu Het,"
amori,GEN 10:16,"dan orang Yebusi, orang Amori, orang Girgasi,","dhèu Yebusi, dhèu Amori, dhèu Girgasi,"
selah,GEN 10:24,Arpakhsad adalah ayah Selah; dan Selah adalah ayah Eber.,"Ana Arpaksad ka, Sela. Ana Sela ka, Eber."
tarbantin,GEN 12:6,"Abram berjalan melalui tanah itu sampai ke suatu tempat di Sikhem, di pohon tarbantin More. Pada masa itu, orang Kanaan tinggal di tanah itu.","Dꞌai era èèna, Abram kako palème rai ne, toke dꞌai padètu dènge rae èci, ngara na Sikem. Ka ra pea taha ètu èèna, padètu dènge ajꞌu aae ca kapua ètu More. Lodꞌo èèna, dhèu Kanaꞌan dhu pea ètu èèna era."
hori,GEN 14:6,"dan orang Hori yang tinggal di pegunungan mereka, Seir, sampai ke El-Paran di pinggir padang belantara.","dènge dhèu Hori dhu ètu ledhe Seir, dꞌai sebhe mamoo El Paran."
sesudahmu,GEN 17:7,"Aku akan meneguhkan perjanjian antara Aku dan kamu, dan keturunan-keturunan sesudahmu dalam generasi mereka, untuk suatu perjanjian yang kekal, yaitu Aku akan menjadi Allah bagimu dan bagi keturunan-keturunan sesudahmu.","Jaꞌa sanèdꞌe taruu lii pajaji Jaꞌa dènge èu, aa dènge ana-èpu èu sèra. Lii pajaji ne maꞌète boe toke taa-taa, lula Jaꞌa neꞌe ka Ama Lamatua nèti èu dènge ana-èpu mu."
suamiku,GEN 18:12,"Jadi, Sara tertawa dalam hatinya dan berkata, “Setelah aku begini tua, apakah aku akan berahi, sementara suamiku juga sudah tua?”","Ropa Sara tadèngi padhue-padhai rèngu se, ka na mari kèmu. Na pangee na, “Jaꞌa dhu heka roto-roto sèmi neꞌe ne, aa dhèu èmu jaꞌa dhu roe nia heka. Tasamia jiꞌi bisa tao sèmi ana ngèru dhu leo-èmu hiu, ho abhu ana?”"
kakakku,GEN 20:4-5,"Namun, Abimelekh belum mendekati Sara dan dia berkata, “Tuhan, apakah Engkau akan membunuh bangsa yang tidak bersalah? Bukankah dia sendiri yang berkata kepadaku, ‘Perempuan ini adalah adikku,’? Lalu, bukankah perempuan itu juga berkata, ‘Laki-laki ini adalah kakakku,’? Aku melakukan ini dalam ketulusan hatiku dan ketidakbersalahan tanganku.”","Hèia Abimelek dhaa, peka na, “Lamatua! Jaꞌa dhae paꞌèci mèka dènge bhèni na. Aa jaꞌa sasala aadꞌo. Abraham unu na ka dhu peka, bhèni na, ana hèni nèngu! Aa bhèni na dhaa sèmi èèna kahèi. Nèti èèna ka, jaꞌa hia dhèu lasi lii dꞌai ne, dènge dꞌara mola. De Lamatua baku padꞌui jaꞌa sasala!”"
syikal,GEN 20:14-16,"Abimelekh mengambil domba, sapi, serta hamba laki-laki dan perempuan, lalu memberikannya kepada Abraham. Abimelekh juga mengembalikan Sara, istri Abraham, kepadanya. Kata Abimelekh, “Lihatlah, negeriku ada di hadapanmu. Tinggallah di mana pun kamu suka.” Abimelekh berkata kepada Sara, “Dengarlah, aku memberikan 1000 syikal perak kepada kakakmu sebagai bukti kesucianmu di hadapan semua orang yang bersama-sama denganmu. Di hadapan semua orang, namamu dibersihkan.”","Èle èèna ka, dhèu aae Abimelek pangèdꞌu hari Sara laꞌe asa Abraham. Ka na peka dènge Sara, “Èèna na, jaꞌa hia ana mone mu doi iia ca riho, sèna ka jꞌajꞌi tadha jaꞌa tao boe sala ngaa-ngaa mi èu. Ho hudꞌi sène, dhèu aaꞌi-aaꞌi ra reꞌa!” Hèia dhèu aae peka dènge Abraham, aku nèngu na, “Kabarai jaꞌa ne, dhu bhoke tèke hia èu. Èu neo pea mi era mia èèna ka, jaꞌa hia èu.” Ka Abimelek hia Abraham sapi, kahibꞌi-kaꞌia, dènge kahibꞌi-kalèbho. Na hia kahèi ènu dhèu mone dènge dhèu bhèni."
menamakan,GEN 21:1-7,"TUHAN mengunjungi Sara seperti yang difirmankan-Nya, dan TUHAN melakukan kepada Sara seperti yang telah difirmankan-Nya. Jadi, Sara mengandung dan melahirkan seorang anak laki-laki bagi Abraham pada masa tuanya, sesuai dengan waktu yang telah difirmankan Allah kepadanya. Abraham menamakan anak yang lahir baginya itu Ishak, yaitu anak yang telah dilahirkan oleh Sara baginya. Lalu, Abraham menyunat Ishak, anak laki-lakinya itu, ketika berumur 8 hari, seperti yang diperintahkan Allah kepadanya. Abraham berumur 100 tahun ketika Ishak lahir. Sara berkata, “Allah telah membuatku tertawa, dan setiap orang yang mendengar hal ini akan tertawa bersamaku.” Dia berkata lagi, “Dahulu, siapakah yang dapat mengatakan kepada Abraham bahwa Sara akan menyusui anak? Namun, aku telah melahirkan seorang anak laki-laki baginya, pada masa tuanya.”","Èle èèna ka, LAMATUA hia Sara mèngi-nale madhutu lii pajaji Na. Lodꞌo Sara dènge babia, Abraham dhu heka le. Ropa Sara nara iisi, umur Abraham dꞌai cangasu tèu kèna. Lodꞌo Sara dꞌai hèru, ka nara iisi ana mone ca dhèu. Ka Abraham pangare ne, Isak (dhu sasoa na ‘na mari’). Sara peka hèi, aku nèngu na, “Ama Lamatua tao jaꞌa mari, lula jaꞌa karejꞌe. Dhèu ae ka dhu pangee na, jaꞌa ètu dꞌara heka sèmi neꞌe ne, abhu heka ana. Masi ka dhèu èmu jaꞌa heka bhoro le, te jaꞌa bisa kora iisi ana hia ne. Èèna na, ladhe dhèu tadèngi jꞌara neꞌe, rèngu aaꞌi-aaꞌi ra mari kahèi dènge jaꞌa ne.” Ropa Isak dꞌai aru lodꞌo, Abraham suna ne, madhutu paredha Ama Lamatua."
makhpela,GEN 23:9,"supaya dia memberikan kepadaku Gua Makhpela, yang adalah miliknya, yang terletak di ujung ladangnya. Biarlah dia memberikannya kepadaku dengan harga penuh sebagai tempat pekuburan di tengah-tengah kamu.”","Peka dènge ne, ladhe na dꞌèi, na pahia dènge jaꞌa loe na, Makpela, dhu ètu karasa oka na. Na manèngi ca ngaa èèna ka, jaꞌa tihe. Jaꞌa neo tihe pamaꞌète kabꞌua na, ètu madha miu aaꞌi-aaꞌi mi, sèna ka rai èèna jꞌajꞌi unu jaꞌa. Jaꞌa neo tao era èèna, jꞌajꞌi mi roꞌa dhèu madhe jiꞌi.”"
basmat,GEN 26:34,"Ketika Esau berumur 40 tahun, dia menikah dengan Yudit anak Beeri, orang Het, dan Basmat anak Elon, orang Het,","Ropa umur Esau dꞌai èpa nguru tèu, na leo dènge bhèni dhèu dua nèti suku Het. Bhèni èci, ana nèti Beeri, ngara na Yudit. Èci hari, ana Elon, ngara na Basmat."
zibeon,GEN 36:2,"Esau mengambil istri dari anak-anak perempuan Kanaan, yaitu Ada, anak Elon, orang Het; Oholibama, anak Ana, anak perempuan Zibeon, orang Hewi;","Esau leo dènge ana bhèni Kanaꞌan dhèu dua. Èci dhèu Het, ana bhèni nèti Elon, ngara na Ada. Dhèu èmu na èci hari, dhèu Hewi, ngara na Oholibama. Ama na, ngara na Anah, aa baki na Sibeon."
timna,GEN 36:10-13,"Inilah nama-nama keturunan Esau: Elifas, anak Ada, istri Esau; Rehuel, anak Basmat, istri Esau. Keturunan Elifas adalah Teman, Omar, Zefo, Gaetam, dan Kenas. Timna adalah gundik Elifas, anak Esau, dan dia melahirkan Amalek bagi Elifas. Itulah keturunan Ada, istri Esau. Inilah keturunan Rehuel: Nahat, Zerah, Syama, dan Miza. Itulah keturunan Basmat, istri Esau.","Ada, dhèu èmu Esau, nara iisi ana mone ca dhèu, ngara na Elifas. Elifas ne, ana mone na, dhèu lèmi, nuka: Teman, Omar, Sefo, Gatam dènge Kenas. Dhèu èmu piara Elifas, ngara na Timna. Nara iisi ana mone ca dhèu, ngara na Amalek. Dhèu èmu Esau, Basmat, nara iisi ana mone ca dhèu, ngara na Rehuel. Rehuel abhu ana mone dhèu èpa, nuka: Nahat, Sera, Syama, dènge Misa."
mimpinya,GEN 37:8,"Saudara-saudaranya berkata kepadanya, “Apa kamu sungguh-sungguh akan memerintah kami? Atau, apa kamu sungguh-sungguh akan menguasai kami?” Mereka pun semakin membencinya karena mimpinya dan karena perkataannya itu.","Hèia ra jèke ne, aku rèngu na, “We! Èu ngee na, èu neo jꞌajꞌi dhèu kapai kèna, ho neo paredha jiꞌi, do?” Taga na lolo lii nii neꞌe, hèia asa ra nasa dènge ne."
syela,GEN 38:5,"Kemudian, dia melahirkan lagi seorang anak laki-laki dan menamainya Syela. Ketika perempuan itu melahirkan anaknya, Yehuda sedang berada di Kezib.","Aa ana ka tèlu, ngara na Sela. Lodꞌo ina na nara iisi Sela na, Yahuda si pidha le asa rae Kesib."
penerang,GEN 1:14-15,"Kemudian, Allah berfirman, “Biarlah ada penerang di cakrawala langit untuk memisahkan siang dari malam, dan biarlah itu ada untuk tanda-tanda dan untuk musim-musim, dan untuk hari-hari serta tahun-tahun, dan biarlah itu menjadi penerang di cakrawala langit, untuk memberikan terang atas bumi.” Demikianlah itu terjadi.","Hèia Ama Lamatua lii hari, aku Nèngu na, “Re bèka dedha, hudꞌi abhu ku mèdha dhu saraa, ho pasaraa rai-haha ne. Hudꞌi abhu mèdha dhu pasaraa re mèu, aa abhu kahèi dhu pasaraa re mèda. Rèngu aaꞌi-aaꞌi se, jꞌajꞌi tadha, ho sèna ka bisa ige lodꞌo, hèru, dènge tèu.” Ropa padhai lii nare sèmi neꞌe, mèdha dhu heo aaꞌi-aaꞌi ra jꞌajꞌi dènge ka."
asyur,GEN 2:14,Nama sungai yang ketiga adalah Tigris yang mengalir di sebelah timur Asyur. Sungai yang keempat adalah Efrat.,"Kacanga ka tèlu, ngara na Tigris. Kacanga neꞌe ka, jꞌajꞌi mi too rai Asyur re ca bèka dhimu. Kacanga ka èpa, ngara na Efrat."
kaulakukan,GEN 3:13,"Lalu, TUHAN Allah berkata kepada perempuan itu, “Apa yang telah kaulakukan?” Perempuan itu menjawab, “Ular itu menipuku, maka aku makan.”","Hèia Ama LAMATUA peka dènge bhèni na, aku Nèngu na, “Nga tao ka, èu adꞌu madha jꞌara èèna?” Ka bhèni ne dhaa, peka na, “Te mege ne ka dhu agꞌo jaꞌa! Nèti èèna ka, jaꞌa kuꞌa.”"
perkenanan,GEN 6:8,"Namun, Nuh mendapat perkenanan di mata TUHAN.",Te ngaa Noh di dhu pakarejꞌe dꞌara LAMATUA.
surut,GEN 8:1,"Lalu, Allah mengingat Nuh, dan segala binatang, dan segala ternak yang bersamanya dalam bahtera itu. Allah membuat angin berembus ke atas bumi sehingga air pun surut.","Masi ka sèmi èèna, Ama Lamatua bhèlu boe Noh si dènge badha-manu aaꞌi-aaꞌi dhu ètu dedha kapa. Hèia Na hia ngèlu gꞌoro, ka èi na kura ka noo-noo."
menantunya,GEN 11:31,"Dari Ur-Kasdim, Terah membawa Abram, anaknya, Lot anak Haran, cucunya, dan Sarai, menantunya, istri Abram, ke tanah Kanaan. Ketika sampai di Haran, mereka menetap di sana.","Ca tèka, Tera nèti ana na Abram, dènge Sarai dhèu èmu Abram, dènge èpu na Lot, lasi tèke eele rae Ur, neo lasi asa rai Kanaꞌan. Te ngaa lasi dꞌai rae Haran, rèngu pea ka ètu èèna."
hebron,GEN 13:18,"Setelah itu, Abram memindahkan tendanya dan tinggal di dekat pohon-pohon tarbantin Mamre, di Hebron. Di sana, dia membangun mazbah bagi TUHAN.","Hèia Abram si lèpa hari asa era pea ra, dhu dètu dènge ajꞌu-ajꞌu aae ètu Mamre, dhu padètu dènge Hebron. Èle èèna ka, na pudhi hadhu tao mei korban ho na mangajꞌi LAMATUA ètu èèna."
kedorlaomer,GEN 14:1,"Pada masa Amrafel, raja Sinear; Ariokh, raja Elasar; Kedorlaomer, raja Elam; dan Tideal, raja Goyim;","Tèu èèna, dhèu aae èpa dhu paꞌèci. Rèngu se ka: Amrafel, dhèu aae rai Sinear. Ariok, dhèu aae rai Elasar, Kedarlaomer, dhèu aae rai Elam. Dènge Tideal, dhèu aae rai Goyim."
bela,GEN 14:2,"mereka mengadakan perang terhadap Bera, raja Sodom; Birsya, raja Gomora; Syinab, raja Adma; Syemeber, raja Zeboim; dan, Zoar, raja Bela.","Lodꞌo èèna, dhèu aae leo dhèu lèmi, paꞌèci kahèi. Nuka: Bera, dhèu aae rai Sodom. Birsa, dhèu aae rai Gomora. Sinab, dhèu aae rai Adema. Semeber, dhèu aae rai Seboim. Dènge Bela, dhèu aae rai Soar. Ka èpa dhèu aae se, lasi pamusu dènge lèmi dhèu aae sèra."
beranak,GEN 17:20,"Mengenai Ismael, Aku telah mendengarkanmu. Lihatlah, Aku telah memberkatinya, membuatnya beranak cucu, dan akan melipatgandakannya menjadi sangat banyak. Darinya akan lahir dua belas raja dan Aku akan menjadikannya bangsa yang besar.","Jaꞌa tadèngi le ngaa dhu èu manèngi kahèi, hia Ismael. Nèti èèna ka, Jaꞌa hia berkat mi nèngu kahèi, aa hia ana-èpu na tabha ae. Bèli-camèdꞌa ana-èpu Ismael ne, jꞌajꞌi mi canguru dua kapala suku. Aa ana-èpu na suku èci dhu kapai."
melayangkan,GEN 19:28,Dia pun melayangkan pandangannya ke arah Sodom dan Gomora serta ke arah seluruh lembah itu. Dia melihat asap yang naik dari kedua kota itu seperti asap perapian.,"Hèia na ladhe sa haha asa Sodom dènge Gomora, aa asa dꞌara mamoo èèna. Na ladhe laꞌa na, sèbꞌu poka-poka sèna, dhu caꞌe asa dedha-liru. Aa ai naꞌe aaꞌi le ngaa-ngaa."
kakakmu,GEN 20:14-16,"Abimelekh mengambil domba, sapi, serta hamba laki-laki dan perempuan, lalu memberikannya kepada Abraham. Abimelekh juga mengembalikan Sara, istri Abraham, kepadanya. Kata Abimelekh, “Lihatlah, negeriku ada di hadapanmu. Tinggallah di mana pun kamu suka.” Abimelekh berkata kepada Sara, “Dengarlah, aku memberikan 1000 syikal perak kepada kakakmu sebagai bukti kesucianmu di hadapan semua orang yang bersama-sama denganmu. Di hadapan semua orang, namamu dibersihkan.”","Èle èèna ka, dhèu aae Abimelek pangèdꞌu hari Sara laꞌe asa Abraham. Ka na peka dènge Sara, “Èèna na, jaꞌa hia ana mone mu doi iia ca riho, sèna ka jꞌajꞌi tadha jaꞌa tao boe sala ngaa-ngaa mi èu. Ho hudꞌi sène, dhèu aaꞌi-aaꞌi ra reꞌa!” Hèia dhèu aae peka dènge Abraham, aku nèngu na, “Kabarai jaꞌa ne, dhu bhoke tèke hia èu. Èu neo pea mi era mia èèna ka, jaꞌa hia èu.” Ka Abimelek hia Abraham sapi, kahibꞌi-kaꞌia, dènge kahibꞌi-kalèbho. Na hia kahèi ènu dhèu mone dènge dhèu bhèni."
kuburkanlah,GEN 23:6,"“Dengarlah kami, ya Tuan, engkau adalah seorang pemimpin besar di tengah-tengah kami. Kuburkanlah jenazah istrimu itu di pekuburan terpilih di tempat kami. Tidak ada satu pun dari kami yang akan menolakmu dari pekuburannya supaya engkau dapat menguburkan orang matimu.”","“Sèmi neꞌe, ama! Nèbhu nare sange neꞌe, jiꞌi se tadhe le ama, dhu sama sèmi ca dhèu, dhèu heka dhu jiꞌi pakabꞌua. De sadꞌi ama dꞌèi rai mia dhu beꞌa, dhu pamèci dènge dadꞌèi ama. Jiꞌi se dhoka ngoꞌo di; dhèu èci sa dhu magee boe.”"
berbulu,GEN 25:25,"Yang pertama lahir, warnanya merah, seluruh tubuhnya seperti jubah berbulu, dan mereka menamainya Esau.","Dhu aꞌa, isi na mea, dènge ngiꞌu na pènu dènge rèu. Nèti èèna ka, ra pangare ne, Esau (dhu sasoa na ‘dènge rèu’)."
buruan,GEN 25:28,"Ishak menyayangi Esau karena dia suka makan hasil buruan Esau. Namun, Ribka menyayangi Yakub.","Isak dꞌèi naꞌa sisi badha hui. Nèti èèna ka, na sue risi Esau. Te ngaa Ribka sue risi Yakob."
memberkatiku,GEN 27:19,"Yakub berkata kepada ayahnya, “Aku Esau, anak sulungmu. Aku telah melaksanakan apa yang Ayah katakan kepadaku. Sekarang, duduklah dan makanlah hasil buruanku ini supaya engkau dapat memberkatiku.”","Ka Yakob dhaa, peka na, “Jaꞌa, Esau ana mone uuru ama ku! Jaꞌa sabꞌe le, madhutu sèmi dhu ama pua deo na. Kèdꞌi, ho muꞌa-minu ka. Lula jaꞌa pananasu kore le sisi badha hui dhu jaꞌa kèti nèti dꞌara jꞌami. Muꞌa, ho èle na, ama pala-bagi jaꞌa mèngi-nale.”"
bungsumu,GEN 29:18,"Yakub mencintai Rahel dan dia berkata, “Aku akan bekerja padamu selama tujuh tahun demi Rahel, anak bungsumu.”","Yakob dꞌèi risi Rahel. Ka na peka dènge Laban, “Ladhe toꞌo ku moꞌo, jaꞌa sabꞌa hia toꞌo ku pidhu tèu, sadꞌi toꞌo ku hia jaꞌa madhèdi dènge Rahel.”"
dudaim,GEN 30:14,"Pada musim panen gandum, Ruben berjalan-jalan dan menemukan buah-buah dudaim di padang, lalu dia membawanya kepada Lea, ibunya. Kemudian, Rahel berkata kepada Lea, “Aku mohon, berikanlah beberapa dudaim anakmu itu kepadaku.”","Ca lodꞌo, lèke dènge hèru puu-gꞌètu are, Ruben laꞌe asa dꞌara jꞌami. Na rage ana aajꞌu ca kapua dhu jꞌajꞌi sèmi èi naꞌi ho hia dhèu bhèni abhu kolo. Ka Ruben nèti hia ina na Lea. Ropa Rahel nèdhi, ka na peka dènge Lea, aku nèngu na, “Aꞌa! Bagi ku jaꞌa ciki, èi naꞌi dhu Ruben nèti èèna.”"
ternakmu,GEN 30:29,"Yakub berkata kepadanya, “Engkau sendiri tahu bagaimana aku melayanimu dan bagaimana keadaan ternakmu bersamaku.","Ka Yakob peka, “Toꞌo! Èu mèdhi unu mu le, sasabꞌa-laꞌa jaꞌa. Nèti èèna ka, badha-manu toꞌo se, bèba-kacanga."
rehuel,GEN 36:4,"Lalu, Ada melahirkan Elifas bagi Esau, Basmat melahirkan Rehuel,","Ada, dhèu èmu uuru Esau, nara iisi Elifas. Basmat matana Rahuel."
onan,GEN 38:4,"Sesudah itu, perempuan itu mengandung lagi dan melahirkan anak laki-laki lagi, dan dia menamainya Onan.","Ana ka dua, ngara na Onan."
berbiji,GEN 1:11,"Allah berfirman, “Biarlah bumi menumbuhkan rerumputan, tumbuh-tumbuhan berbiji, dan pohon buah yang berbuah menurut jenisnya dan berbiji di dalamnya, di atas bumi.” Lalu, jadilah demikian.","Ka Ama Lamatua lii hari, peka na, “Rai hudꞌi pamamuri ku rupa-rupa ana aajꞌu. Sèna ka abhu ajꞌu dhu hua, dhu dènge lamusi, aa dhu dènge rèu mangèru. Sèna ka ajꞌu-ajꞌu se, hua-hela madhutu rupa rèngu.” Ropa padhai lii nare sèmi neꞌe, jꞌajꞌi dènge ka ana aajꞌu aaꞌi-aaꞌi ra."
beranakcuculah,GEN 1:28,"Allah memberkati mereka dan Allah berfirman kepada mereka, “Beranakcuculah dan berlipatgandalah, dan penuhilah bumi, dan kuasailah itu. Berkuasalah atas ikan-ikan di laut, atas burung-burung di udara, dan atas segala yang hidup yang bergerak di bumi.”","Ka Na padhai lii ho sèna ka hia berkat mi rèngu, aku Nèngu na, “Miu hudꞌi bèba-kacanga ku, sèna ka pea papènu rai-haha ne, ho mi ator ne. Jaꞌa hia miu koasa, sèna ka mi ator iꞌa, manu-bhui, dènge badha-manu aaꞌi-aaꞌi ra ètu rai-haha ne."
hawila,GEN 2:11,"Nama sungai yang pertama adalah Pison yang mengelilingi seluruh tanah Hawila, tempat yang ada emasnya.","Kacanga ka èci na, ngara na Pison. Nèngu ka dhu hae pale-lème rai Hawila dhu abhu hualaa ae-ae."
