source_word,target_word,pos,page_number
abu,ahu,noun,1
ada,era,noun,1
ada,abhu,verb,1
adik,ari,noun,1
adik perempuan dari ibu,ina iiki,noun,1
adil,mera,adjective,1
adil,mola-mola,adjective,1
adu,galaa,verb,1
agak,ako,adverb,1
agama,agama,noun,1
agar,ho,conjunction,1
agar,sèna ka,conjunction,1
agar supaya,ho sèna ka,conjunction,1
agar tidak,ia ka,negation,1
air,èi,noun,1
air,loko,noun,1
air kencing,èi soro èi,noun,1
air mata,èi madha,noun,1
air panas,èi pana,noun,1
air pasang naik,luu,verb,1
air putih,èi iia,noun,1
air seni,èi soro èi,noun,1
ajak,gale,verb,1
ajaran,lii holo nori,noun,1
ajaran,lii lolo nori,noun,1
ajaran,nori,noun,1
akar,amo,noun,1
akar,kolo-kapua,idiom,1
aku,cèku,pronoun,1
aku,ja'a,pronoun,1
alasan,kolo-kapua,idiom,1
alasan,madha j'ara,idiom,1
alat jepit,ngangapi,noun,1
alir,hae,verb,1
alir,lale,verb,1
alirkan,pahae,verb,1
alirkan,palale,verb,1
Alkitab,Alkitab,noun,1
Alkitab,Buku Kabha Mèdhi,noun,1
Alkitab,Sasuri Ama Lamatua,noun,1
Allah,Ama Lamatua,noun,1
Allah,Lamatua,noun,1
alu,ngècu,noun,1
alu dan lesung,a'abo,noun,1
ambil,nare,verb,1
amin,amin,interjection,1
ampas,sota,noun,1
ampun,abho,noun,1
anak,ana,noun,1
anak bungsu,ana limuri,noun,1
anak cecek,lusi,noun,1
anak di tengah,ana talora,noun,1
anak kecil,ana iiki,noun,1
anak laki-laki,ana mone,noun,1
anak laki-laki,ana mone,noun,1
anak perempuan,ana bhèni,noun,1
anak perempuan,ana bhèni,noun,1
anak sulung,ana uuru,noun,2
anak suruhan,ana paleha,noun,2
anak suruhan,ana pajuu,noun,2
anakan,ana nganga'a,noun,2
anay-anay,anarai,noun,2
anda,èu,pronoun,2
angguk,pangètu,verb,2
angin,ngèlu,noun,2
angin ribut,bohe,noun,2
angin tofan,bohe,noun,2
angkat,bau,verb,2
angkat,ded'e,verb,2
angkat,doa,verb,2
angkat,j'oka,verb,2
angkat,j'oke,verb,2
angkat,nedhe,verb,2
angkat,padoa,verb,2
angkuh,pabhèni,adjective,2
angkuh,pamone,adjective,2
anjing,busa,noun,2
anjing polisi,busa sobu,noun,2
antar,lere,verb,2
antara,talora,noun,2
anting-anting,ate-ate,noun,2
antri,panoo,verb,2
anyam,ènyu,verb,2
apa,ngaa,particle,2
apa sebab,nga tao ka,particle,2
api,ai,noun,2
apit,ngapi,verb,2
apung,talebo,verb,2
arak,dhua ara,noun,2
arang,kadhu,noun,2
ares,kèpe,verb,2
arif,d'èlu-mèu,idiom,2
arti,sasoa,noun,2
arus,rii,noun,2
arwah,samanga,noun,2
asal,sad'i,conjunction,2
asam,manyilu,adjective,2
asap,sèbu,noun,2
asapi,pasèbu,verb,2
asin,sèro,adjective,2
asinkan,pasèro,verb,2
atap,rèu èmu,noun,2
atas,kolo,noun,2
atas,dedha,adjective,2
atau,do,conjunction,2
atur,lalau,verb,2
awal,uru kamai,noun,2
awan,ra'i liru,noun,2
awan-awan,rara'i liru,noun,2
awas,mage,verb,2
ayah,ama,noun,2
ayam,manu,noun,2
"ayam, telur",kanadhu manu,noun,2
ayo,we!,interjection,2
babi,hahi,noun,2
badai,bohe,noun,2
badan,ngi'u,noun,2
badan,ua,noun,2
bagaimana,tasa mia,particle,2
bagi,pabagi,verb,2
bagi,pala,verb,2
bagi,pare,verb,2
bagi,hia,preposition,2
bagian,pala,noun,2
bagian luar,li'u.,noun,3
bagi-bagi,papala.,verb,3
bagus,saraga,verb,3
bagus,be'a.,adjective,3
bahas,padhue;,verb,3
bahas,padhue-padhai.,verb,3
bahu,kabela-kao.,noun,3
bahwa,ka.,complementizer,3
baik,be'a.,adjective,3
baik-baik,paie.,adverb,3
baju,kodho.,noun,3
baju wanita,kalei.,noun,3
bak,bak.,noun,3
bakar,suru;,verb,3
bakar,tunu.,verb,3
bakar sampai hangus,labhu.,verb,3
baku,pa-.,prefix,3
baku pukul,pagama.,verb,3
bakul,soe.,noun,3
balas,bala;,verb,3
balas,dhaa.,verb,3
balasan,babala.,noun,3
bale-bale,kalaga.,noun,3
bambu,kalai-əu.,noun,3
bangkit,kèdi.,verb,3
bangku,bagu.,noun,3
bangsa,suku;,noun,3
bangsa,udhu-rasa.,noun,3
bangun,kèdi.,verb,3
bangun lari,lega-rai.,verb,3
bangunkan,parèi.,verb,3
banjir,sabhori.,verb,3
bantah,sisu.,verb,3
banting,hake;,verb,3
banting,kalabhe.,verb,3
banyak,ae.,quantifier,3
banyak (orang),ca udhu.,noun,3
banyak uang,dhari ae.,idiom,3
bapak,ama.,noun,3
bapak besar,ama aae,noun,3
bapak besar,ama.,noun,3
bapak kecil,ama iiki,noun,3
bapak kecil,ama.,noun,3
bapak mertua,to'o.,noun,3
bapak mertua,ama.,noun,3
baptis,sarani.,verb,3
barang,mèdha.,noun,3
barangkali,teko.,conjunction,3
barat,haa.,noun,3
baring,j'unu.,verb,3
baring-baring,bhèj'i.,verb,3
baringkan,paj'unu.,verb,3
baru,hiu.,adjective,3
baru-baru ini,lai-lai.,adverb,3
batang,kapua.,noun,3
batas,too.,noun,3
batatas,sihu kee.,noun,3
batu,hadhu.,noun,3
batu cincin,hadhu kale'e.,noun,3
bau,hèu.,noun,3
bawa,nèti.,verb,3
bawa di kepala,tèdu.,verb,3
bawah,haha.,adjective,3
bawang merah,lasona mea.,noun,3
bawang putih,lasona pudhi.,noun,3
bayar kembali,sui.,verb,3
bayar lunas,sui.,verb,3
bayar upah,pagaji.,verb,3
bea,bea.,noun,3
beban,babia.,noun,3
bebaskan,patabuli;,verb,3
bebaskan,patalale.,verb,3
beberapa,pèri-pèri.,quantifier,3
beda,leo.,noun,3
begini,sèmi ne'e ka.,comparative,3
bekin,adu;,verb,3
bekuk,adu-ue,verb,4
bekuk,tao,verb,4
Vpref.,pa-,prefix,4
bekuk,kèpe,verb,4
bela,sarii,verb,4
bela diri,siri iisi,verb,4
bela diri,siri,verb,4
belah,masèke,verb,4
belah,bèka,verb,4
belah,pare,verb,4
belakang,kabodho,noun,4
belakang,limuri,adjective,4
belalang,kabara,noun,4
beli,hèli,verb,4
beli,pahèli,verb,4
belit-belit,karadhe,verb,4
belit-belit,koe-kalèko,idiom,4
belum,dhae,negation,4
belum,mèka,negation,4
"benam, ter-",cèna,verb,4
benang,loa hèngu,noun,4
benar,lèke,verb,4
benar,tare'a,adjective,4
bengkok,kapod'e,adjective,4
bengkok,koe,adjective,4
bengkok,koe-kalèko,idiom,4
bengkok-miring,koe-kapengo,idiom,4
benih,hini,noun,4
bentangkan,hèle,verb,4
ber-,pa-,prefix,4
berangkat,lega,verb,4
berangkat,pakèdi,verb,4
berani,bani,verb,4
berapa,pèri,interrogative,4
beras,laludhu,noun,4
berat,bia,adjective,4
berdiri,titu,verb,4
beres,mèci,verb,4
bereskan,pabe'a,verb,4
berfirman,padhai,verb,4
bergerak,kamuki,verb,4
"bergerak, tidak lagi",kalau,verb,4
berharga,hualaa,noun,4
berhenti,ae,verb,4
berhenti,loe,verb,4
beri,hia,verb,4
beri,soro,verb,4
beri kehidupan,pamamuri,verb,4
beri salam,maho'o,verb,4
beri semangat,pad'elo dara hua iia,verb,4
beri semangat,pakarej'e dara,verb,4
berikan,j'ole,verb,4
berikut,padhutu,adverb,4
beritahu,moa,verb,4
beritahu,rodhe,verb,4
beritahu,ale,verb,4
"beritahu, saling",papeka,verb,4
beritahukan,peka,verb,4
beritahukan,pèka,verb,4
berjalan sambil berbicara,pa'asu-pareo,verb,4
berkat,mamèngi,noun,4
berkelahi,patao,verb,4
berkelahi,pagama,verb,4
berlutut,kètu urutuu,verb,4
bermacam-macam,rupa-rupa,adjective,4
bermalam,j'unu,verb,4
berpakaian,pake,verb,4
berputar di dalam,palelème,verb,4
bersalin,nara iisi,verb,4
bersama,dènga,preposition,4
bersama,dènge,preposition,4
bersama,d'ènge,preposition,4
bersatu,pa'èci,verb,5
bersetubuh,paleo,verb,5
bersih,mèu,verb,5
bersih,pakahoni,verb,5
bersihkan,pamèu,verb,5
bersihkan,rase eele,verb,5
bersinar,pasaraa,verb,5
bertemu,paraga,verb,5
bertengkar,pabala,verb,5
bertengkar,pab'ala,verb,5
bertengkar,pasala,verb,5
berteriak,pa'oo,verb,5
berteriak dgn gembira,pakèra,verb,5
berturut-turut,pa'asu,verb,5
berunding,padhue,verb,5
berunding,padhue-padhai,verb,5
berupa-rupa,rupa-rupa,adjective,5
besar,kapai,adjective,5
besi,bèsi,noun,5
besok,bèli,noun,5
besok-lusa,bèli-camèda,temporal,5
betah,kalili,adjective,5
betina,rena,noun,5
betis,ana bebo,noun,5
biarkan,hia,verb,5
biarkan,ai-hèb'a,idiom,5
biasa,lodo,adverb,5
biasa,tema,adverb,5
bibi,ina-nae,noun,5
bibi,teto,noun,5
bibir,panyoro,noun,5
bibit,hini,noun,5
bicara,padhai lii,verb,5
bicara,padhai,verb,5
bicara dengan marah,paj'èka,verb,5
bicara keras,pajèka,verb,5
bijaksana,d'èlu-mèu,idiom,5
biji,lamusi,noun,5
bila,ladhe,conjunction,5
bilang,peka,verb,5
bimbing,lere,verb,5
binatang,badha,noun,5
binatang liar,badha hui,noun,5
bingung,bingu,verb,5
bingung,malaa,verb,5
bintang,hua-hètu,noun,5
biru,mangèru,adjective,5
bisa,bisa,verb,5
bisa,nia,auxiliary,5
bisa,abhu,verb,5
bisik,nanai,verb,5
blus,kabae,noun,5
bodoh,goa,adjective,5
bolehkan,hia,verb,5
bor,isi papudu,noun,5
bos,mone eele,noun,5
bosan,roca,verb,5
botak,pakahoni,verb,5
botol,boto,noun,5
buah,hua,noun,5
buah-buahan,hua aj'u,noun,5
buang,cebe,verb,5
buang,core,verb,5
buang,kaheko,verb,5
buang ludah,paru'e,verb,5
buat,adu,verb,5
buat,adu-ue,verb,5
buat,tao,verb,5
buat,hia,preposition,5
buat,pa-,prefix,5
bubungan,bhèngu,noun,5
budak,ènu,noun,5
buih,horo,noun,5
bujuk,pamako,verb,5
bujukan,dadugu-rariu,noun,6
buka,bhoke,verb,6
bukit,ledhe,noun,6
bukti,bukti,noun,6
buku,buku,noun,6
buku,sasuri,noun,6
bulan,hèru,noun,6
bulan,hèru,noun,6
bulat,kahore,adjective,6
bulir,huri,noun,6
bulu,rèu,noun,6
bumbu-bumbu,bubhu-bubhu,noun,6
bumi,rai-haha,noun,6
bunga,hela,noun,6
bungkus,hutu,verb,6
bungkus,pahutu,verb,6
bungsu,ana limuri,noun,6
bunting,kahadhu,verb,6
buntut,goti,noun,6
bunuh,pamadhe,verb,6
bunyi,ge'e,verb,6
buritan,hui,noun,6
buruk,karehe,adjective,6
burung,koro,noun,6
burung,manu-bhui,noun,6
burung merpati,koro èi ci'u,noun,6
busa,horo,noun,6
buta,bèdhu,verb,6
buta,poke,verb,6
buta ayam,maraga,adjective,6
cabai,sili,noun,6
cabang,dadana,noun,6
cabang,kalai,noun,6
cabang (sungai),kacanga,noun,6
cabut,bete,verb,6
cabut (rambut),rèbhi,verb,6
cacat-cela,sasala-sasigo,noun,6
cairan,èi,noun,6
cakup,kèpe,verb,6
cambuk,kalabhe,verb,6
campur,pabali,verb,6
campur,pakihu,verb,6
campur-baur,pakihu-kee,adjective,6
candi,èmu manèngi-mangaj'i,noun,6
capai,j'èra,verb,6
cari,tenge,verb,6
cari muka,nare dara,idiom,6
cari tahu,bari,verb,6
cari tahu nasib,ladhe kalua,verb,6
cari tahu nasib,malare,verb,6
cari tahu sebab,ladhe kalua,verb,6
cari tahu sebab,malare,verb,6
cat,dame,noun,6
cat,dame,verb,6
cebur,cèbu,verb,6
cecak,ana sapa,noun,6
cece,kaj'ako,noun,6
cekik,pacèli,verb,6
cekik,pod'e,verb,6
celah,sasanga,noun,6
celana panjang,baru madhera,noun,6
celana pendek,baru bab'a,noun,6
celup,cèbu,verb,6
cendana,aj'u nidhu,noun,6
cepat,malai,adverb,6
cepat,pamèri,verb,6
cepat-cepat,dara lai-lai,adverb,7
cepat-cepat,karohe-rohe,adverb,7
cepat-cepat,lai-lai,adverb,7
cerai,pa'ia,verb,7
"cerai, ber-",pacèri,verb,7
cerita,lii lolo,noun,7
cerita,lolo,noun,7
cerita,nanuku,noun,7
cerita,palolo,verb,7
cerita tentang,lii lole,noun,7
ceritakan,lole,verb,7
cermin,tèru,noun,7
cincin,kadeli,noun,7
ciptakan,paj'aj'i,verb,7
ciptakan,ue,verb,7
cium,uu,verb,7
coba,sèku,auxiliary,7
cocok,lèke,verb,7
cocok,nia,quantifier,7
contoh,lii upama,noun,7
c.s.,si,pronoun,7
cuci,base,verb,7
cuci,j'amo,verb,7
cuci,rase,verb,7
cucu,èpu,noun,7
cucurkan,pahaa,verb,7
cukup,sange,verb,7
cukup,nia,quantifier,7
cukur,lusu,verb,7
cuma,dhoka,adverb,7
cungkil,cui,verb,7
cungkil,edo,verb,7
dada,kakara,noun,7
daerah,rai,noun,7
dagang,pahia-pahèli,verb,7
daging,sisi,noun,7
dahan,kalai,noun,7
dahulu,uru,adverb,7
dahulu,uuru,adverb,7
dahulu kala,uru kamai,noun,7
daki,kaj'alu,adjective,7
dakwa,galaa,verb,7
dalam,dara,--,7
dalam,d'ara,noun,7
dalam,d'ara,preposition,7
dalam (laut),marèma,adjective,7
dalam waktu yang singkat,ètu dara ciki oo'e ne'e kahèi,noun,7
damai-sejahtera,soda-mole,noun,7
damai-sejahtera,mera-milu,idiom,7
dampingi,palere,verb,7
dan,aa,conjunction,7
dan,ha,conjunction,7
dan,ho,conjunction,7
danau,dano,noun,7
danau,mananga,noun,7
dapat,bisa,verb,7
dapat,abhu,verb,7
dapat,abhu,verb,7
darah,raa,noun,7
daratan,dedha rai,noun,7
dari,karei,preposition,7
dari,nèti,preposition,7
dari dulu,uru tèka,preposition,7
dasar,kolo-kapua,idiom,8
di tengah,talora,noun,8
datang,mai,verb,8
dia,n-,pronoun,8
daun,rèu,noun,8
dia,na,pronoun,8
daun pohon,rèu aj'u,noun,8
dia,na-,pronoun,8
daya tahan,a'èra,noun,8
dia,nèngu,pronoun,8
dayung,kao,noun,8
diam,ugu-ge'e boe,idiom,8
debu,ahu,noun,8
diam-diam,mau-mau,adverb,8
dekat,dètu,adverb,8
diam-diam,nee-nee,adverb,8
dekati,padètu,verb,8
diang,manyiru,verb,8
delapan,aru,numeral,8
dia-pergi,la'e,verb,8
delegasi,ana paj'uu-paleha,noun,8
dibanding,nèti,preposition,8
didih,pai,verb,8
demam,maringi-sagoro,noun,8
didik,aj'a,verb,8
dengan,dènga,preposition,8
digantungkan di leher,inu,verb,8
dengan,dènge,preposition,8
dihormati,ara-madha,adjective,8
dengan,d'ènge,preposition,8
dinding,kadidhi,noun,8
dingin,pacuhi,verb,8
dengan-syarat,sad'i,conjunction,8
dingin,maringi,adjective,8
dengar,nanene,verb,8
diri,ngi'u,noun,8
dengar,tadèngi,verb,8
do'a,sabae,verb,8
depan,katanga madha,noun,8
depan,madha,noun,8
do'a,sabaj'a,verb,8
"derita, pen--an",sasusa,noun,8
do'a,manèngi-mangaj'i,verb,8
desa,rae,noun,8
desas-desus,lii kolo-j'u'u,idiom,8
dokter,dote,noun,8
di,ètu,preposition,8
domba,kahib'i-kalèbho,noun,8
domba,kalèbho,noun,8
di atas,dedha,adjective,8
dongeng,nanuku,noun,8
di bawah,haha,adjective,8
dosa,sasala,noun,8
di dalam,d'ara,preposition,8
dosa,sasala-sasigo,noun,8
di depan,katanga madha,noun,8
dosa,sigo,noun,8
di depan,madha,noun,8
dosen,mese,noun,8
di luar,li'u,noun,8
dua,dua,numeral,8
di mana,ka mia,interrogative,8
duda,mone-balu,noun,8
di muka,katanga madha,noun,8
duduk,madhèdi,verb,8
di seberang laut,ètu cabèka dhasi,noun,8
duduk jaga,madhènga,verb,8
duit,doi,noun,8
di sini,kane'e,demonstrative,8
dukun,dhèu pake na'i,noun,8
dukung,ree.,verb,9
dulu,uru;,adverb,9
dulu,uuru;,adverb,9
dulu,ku.,particle,9
dunia,rai-haha.,noun,9
dunia atas,rai-dedha.,noun,9
dunia bawah,rai-haha.,noun,9
duri,dhudhu.,noun,9
dusta,kapod'e-kabèli;,verb,9
dusta,pasili.,verb,9
duta,ana,noun,9
duta,paj'uu-paleha.,noun,9
emas,hualaa.,noun,9
emas murni,poe-pai.,noun,9
ember,sabha.,noun,9
emosi,paj'èka.,verb,9
empat,èpa.,numeral,9
empat puluh,èpa nguru.,numeral,9
empunya,unu.,verb,9
enam,èna.,numeral,9
engkau,èu;,pronoun,9
engkau,mu-;,pronoun,9
engkau,-mu;,pronoun,9
engkau,m-.,pronoun,9
esok,bèli.,noun,9
festa,kalela.,noun,9
ganas,hino.,verb,9
ganggu,leko.,verb,9
gantung,kadhoe;,verb,9
gantung,lodhe.,verb,9
garam,masi.,noun,9
gatal,pèdi.,verb,9
gaya,madha j'ara.,idiom,9
gelang,kanau.,noun,9
gelap,maroga.,adjective,9
gelap gulita,maroga aatu-aatu.,noun,9
gelas,galaa.,noun,9
gelombang,naha.,noun,9
gelombang,dhasi kapai.,noun,9
gembala,ana madhutu.,noun,9
gembalakan,eo.,verb,9
gemetar,karèbha;,verb,9
gemetar,rèbha-rèbha.,verb,9
gempa bumi,rai opo.,verb,9
gemuk,mènyi.,noun,9
genap,kateme.,adjective,9
gendong,sa'u.,verb,9
geraham,karia,noun,10
gereja,èmu manèngi-mangaj'i,noun,10
gergaji,hahoro,noun,10
gigi,ngutu,noun,10
gigit,kadhi,verb,10
gigit,pakadhi,verb,10
gila,huj'u,verb,10
goa,loe,noun,10
goda,dugu,verb,10
godaan,dadugu,noun,10
godaan,dadugu-rariu,noun,10
godaan setan,lii dadugu-rariu,noun,10
goncang,rai opo,verb,10
gong,babha,noun,10
goreng,sèngi,verb,10
gosok,kose,verb,10
goyang,gaged'o,verb,10
goyang-goyang,pakareko,verb,10
gugat,galaa,verb,10
gula air,dhua nasu,noun,10
guling-guling,kapod'e-kabèli,verb,10
gulung,lulu,verb,10
gulung (tali),hèlu,verb,10
gulung-gulung,loli,adjective,10
guntur,d'oro,noun,10
gunung,ledhe,noun,10
gurita,kapaj'u,noun,10
guru,mese,noun,10
habis,èle,verb,10
habis waktu,èle ai lod'o,idiom,10
hadap,tangara,verb,10
hadap,tangare,verb,10
hadapan,katanga madha,noun,10
hadapan,madha,noun,10
"hadapan, saling",patangara,verb,10
"hadapan, saling",pakatoo madha dènge madha,idiom,10
haik,sabha,noun,10
hak,hak,noun,10
hal yang baik,kakee,adjective,10
halaman,madha èmu,noun,10
halangi,abhe,verb,10
halangi,magee,verb,10
haluan perahu,kaduru,noun,10
halus,lutu,adjective,10
halus-halus,lutu-sela,idiom,10
hamba,ènu,noun,10
hamil,babia,noun,10
hampir,oe,particle,10
hancur,mae-mae,adverb,10
hancur,laho,verb,10
hancurkan,palaho,verb,10
hangat,sagoro,adjective,10
hangat,sag'oro,adjective,10
hangus,kèpu,verb,10
hantu,nidhu,noun,10
hantu,nidhu,noun,10
hanya,dhodhoka,adverb,10
hanya,dhoka,adverb,10
hanya ... saja,dhoka ... di,adverb,10
hapus,caro,verb,10
hapus,saku eele,verb,10
hapuskan,rase eele,verb,10
haram,luri,verb,10
haram,laluri,adjective,10
harap,maena,verb,11
harap,sanao,verb,11
harap dan bersandar,sanao-maena,verb,11
harga,kabua,noun,11
hargai,pakabua,verb,11
hari,lod'o,noun,11
hari,loo,noun,11
hari,hari,temporal,11
hari ini,deo ne'e,temporal,11
hari raya,kalela,noun,11
hari raya,lod'o babe'a,noun,11
harta kawin,kabua,noun,11
harta-benda,kakaja-su'i,noun,11
harta-benda,mèdha-panyau,noun,11
harus,hudi,particle,11
harus,hud'i,particle,11
hasil,hua,noun,11
hati,adhe,noun,11
hati,d'ara,noun,11
hati-hati,mage,verb,11
haus,koko-kamango,verb,11
hebat,ele madha ngaa,idiom,11
helai,loa,noun,11
hendak,dèi,verb,11
hendak,no'o,verb,11
heran,malaa,verb,11
heran,malaa-maloha,idiom,11
hiburkan,pakarej'e dara,verb,11
hidung,sahènga,noun,11
hidup,muri,verb,11
hidupkan,pamamuri,verb,11
hijau,mangèru,adjective,11
hilang,ele,verb,11
hilangkan,pa'ele,verb,11
hina,lalangu,noun,11
hina,pahaha,verb,11
hindar,sele,verb,11
hinggap,tèka,verb,11
hitam,mèdhi,adjective,11
hitung,ige,verb,11
"hormat, ter-",hua iia,conjunction,11
hujan,èj'i,noun,11
hujat,pakarehe,verb,11
hukum,aree,verb,11
hukum,huku,verb,11
hukuman,a'uku,noun,11
hukuman,huku,verb,11
hukuman,uku-kedi,idiom,11
hutan,j'ami,noun,11
hutan belantara,mamoo,noun,11
ibu,ina,noun,11
ikan,i'a,noun,11
ikan jenis,ugu,noun,11
ikat,èki,verb,11
ikat,èki-karadhe,verb,11
ikat,pa'èki,verb,11
ikat,uj'u,verb,11
ikat perjanjian,pajaji,verb,11
ikat pinggang,dhara hake,noun,11
ikut,pa'asu-pareo,verb,11
ikut,madhutu,verb,11
ikut-serta,b'era-b'era,verb,11
ilmu,na'i,noun,11
ilmu gelap,ajima,noun,11
imbalan,babala,noun,12
indah,saraga,verb,12
ingat,patadhe,verb,12
ingat,sanèd'e,verb,12
ingatkan,pasanèd'e,verb,12
ingin,dèi,verb,12
ingin,kapingi,verb,12
ingin,no'o,verb,12
ingin kuasai,laka,verb,12
ini,kane'e,demonstrative,12
ini,ne,demonstrative,12
ini,ne'e,demonstrative,12
ini!,kèna,particle,12
ini (jamak),se,demonstrative,12
ini (jamak),se'e,demonstrative,12
injak,j'èli,verb,12
Injil,Lii Karej'e,noun,12
injil,lii karej'e-karae,noun,12
intai,ma'u,verb,12
inti,kapua,noun,12
intip,ma'u,verb,12
intip,patigi,verb,12
ipar (laki-laki),kera,noun,12
ipar (perempuan),hi'a,noun,12
isap,camuci,verb,12
isi,soli,verb,12
isi panah ikan,isi kataki,noun,12
isteri,dhèu èmu,noun,12
istimewa,mamèngi,noun,12
itu,èèna,demonstrative,12
itu,na,demonstrative,12
itu,nèi,demonstrative,12
itu (jamak),sèra,demonstrative,12
izinkan,hia,verb,12
jabat-tangan,tabe,verb,12
jadi,j'aj'i,verb,12
jadi,j'aj'i,conjunction,12
jadikan,paj'aj'i,verb,12
jaga,j'aga,verb,12
jaga,madhenge,verb,12
jaga,madhènga,verb,12
jaga waktu malam,beke,verb,12
jagung,tarae-sina,noun,12
jagung,tarea-sina,noun,12
jagung rote,tarae,noun,12
jagung rote,tarea,noun,12
jahanam,bhelu,verb,12
jahanam,bhelu-katub'a,adjective,12
jahat,bhelu,verb,12
jahat,bhèu,verb,12
jahat,bhelu-katub'a,adjective,12
jahit,pa'ie,verb,12
jala,j'ala,noun,12
jalan,j'ara,noun,12
jalan,kako,verb,12
jalan dari,kako re,verb,12
jalan lewat,kako seli,verb,12
jalan melalui,kako re,verb,12
jalan raya,j'ara oka hoo,noun,12
jalankan,pakako,verb,12
jam,hake,noun,12
jam,oras,noun,12
jambak,rèbhi,verb,12
janda,bhèni balu,noun,12
jangan,baku,negation,12
jangan kurang hati,baku haleo,idiom,12
jangan lama-lama,baku panèbhu,idiom,13
jangan marah,baku haleo,idiom,13
jangan tersinggung,baku haleo,idiom,13
jangkar,tangad'a,noun,13
janji,moa,verb,13
janji,pajaji,verb,13
janji,padhadha,verb,13
jantan,la'i,noun,13
jantung,usu,noun,13
jari,kacui-aai,noun,13
jaring,pèku,noun,13
jarum,j'aj'au,noun,13
jatuh,bèbha,verb,13
jatuh,bèbhe,verb,13
jatuh,bhèbha,verb,13
jatuh,manahu,verb,13
jatuhkan,pamanahu,verb,13
jatuhkan,parèu,verb,13
jauh,kaj'èu,adjective,13
jawab,bala,verb,13
jawab,dhaa,verb,13
jebak dgn kata-kata,sahèdhe,verb,13
jelaskan,pamèu,verb,13
jelek,karehe,adjective,13
jembatan,kalete,noun,13
jemur,ai₃,verb,13
jendela,jelena,noun,13
jenguk,nad'o,verb,13
jenguk,pangad'o,verb,13
jerat kaki,sahèdhe,verb,13
jijik,madenge,verb,13
jika,ladhe,conjunction,13
jimat,ajima,noun,13
jimat,na'i,noun,13
jiwa,roh,noun,13
jiwa,samanga,noun,13
jual,pahia,verb,13
jual,pahie,verb,13
jual-beli,pahia-pahèli,verb,13
judi,patèka,verb,13
juga,hèi,adverb,13
juga,ka ca'a la,conjunction,13
juga,kahèi,particle,13
jujur,mola,adjective,13
jujur,mola-mola,adjective,13
juragan,juraga,noun,13
kabar angin,lii kolo-j'u'u,idiom,13
kabar angin,lii lai-ngèlu,idiom,13
Kabar Baik,Lii Karej'e,noun,13
kabar baik,lii karej'e-karae,noun,13
kabur,ahu,noun,13
kacang hijau,kabui iki,noun,13
kacang merah,kabui ae,noun,13
kacang tanah,kabui ae lèu,noun,13
kacau,maruru,verb,13
kafir,dinitiu,noun,13
kagum,malaa,verb,13
kagum,malaa-maloha,idiom,13
kail,isi malebha,noun,13
kain,bèla,noun,13
kain,sig'i,noun,13
kain kepala,lesu,noun,13
kaing,pakii,verb,13
kakak,a'a,noun,14
kakak laki-laki dari ayah,ama aae,noun,14
kakak perempuan dari ibu,ina aae,noun,14
kakak perempuan dari ibu,ina aae,noun,14
kakak perempuan dari ibu,ina-nae,noun,14
kakak-adik,a'a-ari,noun,14
kakak-adik,a'ari,noun,14
kakek,baki,noun,14
kaki,haga,noun,14
"kaki, telapa",kaba j'èla,noun,14
kaku,sakaa,verb,14
kaku,katèku,adjective,14
kalau,ladhe,conjunction,14
kali,loko,noun,14
kali,hari,particle,14
kalian,mi-,pronoun,14
kalian,-mi,pronoun,14
kalian,miu,pronoun,14
kalian,-mu,pronoun,14
kalian,mi,pronoun,14
kalong,ni'i,noun,14
kamar,kama,noun,14
kambing,kahib'i,noun,14
kambing,kahib'i-ka'ia,noun,14
kami,ji'i,pronoun,14
kami,ng-,pronoun,14
kami,nga,pronoun,14
kami,nga-,pronoun,14
kami-pergi,la'a,verb,14
kampung,rae,noun,14
kamu,mi-,pronoun,14
kamu,-mi,pronoun,14
kamu,miu,pronoun,14
kamu,-mu,pronoun,14
kamu,mi,pronoun,14
kanan,g'ana,noun,14
kandang,oka,noun,14
kantong,kanoto,noun,14
kapak,kataka,noun,14
kapal,kapa,noun,14
kapan/berapa,pèri lod'o,particle,14
kapisak,kabhisa,noun,14
karanjang,soe,noun,14
karena,lula,conjunction,14
karena,taga,conjunction,14
karena,nèti,preposition,14
kasar,sakaa,verb,14
kasar,sela,adjective,14
kasi,soro,verb,14
kasih,sasue,noun,14
kasihi,sue,verb,14
kasus,lii langu,noun,14
katakan,lole,verb,14
katedral,èmu,noun,14
katedral,manèngi-mangaj'i,noun,14
kawan,anga,noun,14
kawan,angalai,noun,14
kawin,kab'i,verb,14
kawin,madhèdi,verb,14
kawin,leo,verb,14
kawin,paleo,verb,14
kawin,paleo,verb,14
kawin,paleo èmu,idiom,14
kaya,kaja,adjective,14
kayu,aj'u,noun,14
kayu api,aj'u ai,noun,14
kayu cendana,aj'u nidhu,noun,14
kayu kudung,bab'uri,noun,14
kayu kudung,kamuri aj'u,noun,14
ke,asa,preposition,14
ke,sa,preposition,14
ke luar,eele,verb,14
ke luar,kalua,verb,14
ke mana,ka mia,interrogative,14
ke (satu arah),la'a,verb,15
kebaikan,babe'a,noun,15
kebas,caro,verb,15
kebaya,kabae,noun,15
keberuntungan,mamèngi,noun,15
kebodohan,gagoa,noun,15
kebun,oka,noun,15
kecewa,tèka dara,verb,15
kecil,ana iiki,adjective,15
kecil,iiki,adjective,15
kecuali,dhodhoka,adverb,15
kedatangan,mamai,noun,15
kedua,kadua,numeral,15
kegiatan,tatao,noun,15
kehendak,dadèi,noun,15
kehidupan,mamuri,noun,15
kejadian,j'aj'aj'i,noun,15
kejahatan,bhabhelu,noun,15
kejam,bhelu,verb,15
kejam,bhèu,verb,15
kejar,magèi,verb,15
kejar,magèla,verb,15
kekang (kuda),kakapa,noun,15
kekayaan,doi-dhari,noun,15
kekayaan,kakaja,noun,15
kekayaan,kakaja-su'i,noun,15
kekerabat,a'a-ari,noun,15
kekerabat,a'ari,noun,15
kekuatan,a'èra,noun,15
kelakuan,tatao,noun,15
kelapa,nyiu,noun,15
kelaparan,madèu,verb,15
kelebihan,risi,adverb,15
keliling,lème,noun,15
keliling,leli,verb,15
keliling,pareo,verb,15
kelilingi,palème,verb,15
kelilingi,lingu,verb,15
kelilingi,reo,verb,15
keliru,tasala,verb,15
keluarga,anga,noun,15
keluh-kesah,roma iisi,verb,15
kemah,paleo,noun,15
kemampuan,dadèi,noun,15
kemarahan,nanasa,noun,15
kemari,mai,verb,15
kemarin,meda,noun,15
kematian,mamadhe,noun,15
kemeja,kodho,noun,15
kemudi,uli,noun,15
kemudian,limuri,adjective,15
kemudian,èle èèna ka,conjunction,15
kemudian,hèia,conjunction,15
kemudian,pe,conjunction,15
kena,lèka,verb,15
kena,lèke,verb,15
kenal,tadhe,verb,15
kenapa,nga tao ka,particle,15
kencang,bhuu-bhuu,verb,15
kencang,kadhii,adjective,15
kencang,mèdhu,adjective,15
kencangkan,ère,verb,15
kencangkan,pakadhii,verb,15
kencangkan,rèdha,verb,15
kencing,èi soro èi,noun,15
kenyang,bècu,verb,15
kepada,dènga,preposition,15
kepada,dènge,preposition,15
kepada,d'ènge,preposition,15
kepada,mi,preposition,15
kepala (kelompok sosial),kètu,noun,15
kepala,mone eele,noun,15
kepala pusing,kètu madea,verb,16
kepala sakit,kètu kabo'o,verb,16
kepercayaan tradisional,dinitiu,noun,16
kotoran,lod'o taleo,noun,16
kesempatan yang baik,oras dhu mèci,idiom,16
kepiting,karaka,noun,16
kesengsaraan,j'aj'èra,noun,16
kepunyaan,unu,verb,16
kesulitan,sasusa,noun,16
keputusan,j'aj'ue,noun,16
kesusahan,j'aj'èra,noun,16
kera,kod'e,noun,16
kesusahan,sasusa,noun,16
kerabat,anga,noun,16
ketam,toru,noun,16
kerajaan,paredha,noun,16
keramat,luri,verb,16
ketawa olok-olok,mari ke'e-ke'e,verb,16
keramat,laluri,adjective,16
keras,sakaa,verb,16
ketawakan,mari,verb,16
keras,adhu,adjective,16
ketela pohon,sihu aj'u,noun,16
keras,mèdhu,adjective,16
ketemu tanpa rencana,rage,verb,16
kerasan,kalili,adjective,16
ketiga,katèlu,numeral,16
kerasukan setan,huj'u,verb,16
ketua,dhèu heka,noun,16
kerat,poro,verb,16
keturunan,ana-èpu,noun,16
kerbau,kabao,noun,16
keturunan,kolo,noun,16
kering,mango,adjective,16
khianati,pahie,verb,16
kering,mèti,adjective,16
kikir,rarodho,noun,16
keringat,èi kabhèsu,noun,16
kikir,mèu,verb,16
keringat,kabhèsu,noun,16
kikir,rodho,verb,16
kerja,sasab'a,noun,16
kilat,hela,noun,16
kerja,saba,verb,16
"kilat, meng-",lo'a-lo'a,adverb,16
kerja,sab'a,verb,16
kiri,kariu,noun,16
kerja,sab'e,verb,16
kiri-kanan,lai-lere,adverb,16
kerongkongan,ladha-goro,noun,16
kirim,pa'adhu,verb,16
kertakan,giso-giso,noun,16
kita,èdhi,pronoun,16
kerumun,lingu,verb,16
kita,t-,pronoun,16
kesalahan,sasala,noun,16
kita,ta-,pronoun,16
kesalahan,sasala-sasigo,noun,16
kita,-ti,pronoun,16
kesalahan,sigo,noun,16
kokok,kokotoo,verb,16
kesayangan,pasue,adjective,16
kolam,mananga,noun,16
kesejahteraan,sasoda,noun,16
kolong,ro'a,noun,16
keselamatan,mamuri,noun,16
kota,kaba rai,noun,16
keselamatan,sasoda,noun,16
kota,kota,noun,16
kesempatan,lake,noun,16
kotor,kaj'alu,adjective,16
kesempatan,lake mere,noun,16
kotoran,dhèi,noun,16
kotori,pakaj'alu,verb,17
kotori,pakarehe,verb,17
kotorkan,pahera,verb,17
krasan,kalili,adjective,17
-ku,cèku,pronoun,17
-ku,ja'a,pronoun,17
kuat,mèke,verb,17
kuat,èra,verb,17
"kuat, memper-",pakadhii,verb,17
"kuat, memper-",pa'èra,verb,17
kubur,padhane,verb,17
kucing,meo,noun,17
kuda,jara,noun,17
kudus,mola-mèci,idiom,17
kuek,pakii,verb,17
kuil,èmu manèngi-mangaj'i,noun,17
kuku,kaba ku'u,noun,17
kulit,ka'uri,noun,17
kumbang,g'ala,noun,17
kumpul,pakaboko,verb,17
kumpul,oru,verb,17
kuning,karara,adjective,17
kuningan,riti,noun,17
kunjungi,nad'o,verb,17
kunjungi,pangad'o,verb,17
kurang hati,haleo,verb,17
kursi,kadera,noun,17
kurungi,bhiri,verb,17
kurungi,oke,verb,17
kurus,modha,adjective,17
laba-laba,lalab'a,noun,17
labuh,panahu,verb,17
labur,dame,noun,17
labur,dame,verb,17
lagi,hari,particle,17
lagipula,ho,conjunction,17
lagu,soda,noun,17
-lah,la,particle,17
lahirkan,nara iisi,verb,17
lain,leo,noun,17
laki-laki,dhèu mone,noun,17
laki-laki,mone,noun,17
laki-laki perempuan,bhèni-mone,noun,17
laksanakan,adu-ue,verb,17
laku,laku,verb,17
lakukan,adu-ue,verb,17
lakukan,tao,verb,17
lalat,lara,noun,17
lalu,aa,conjunction,17
lalu,èle èèna ka,conjunction,17
lalu,hèia,conjunction,17
lalu,j'aj'i,conjunction,17
lalu,ka,conjunction,17
lama,nèbhu,noun,17
lama,panèbhu,noun,17
lama,dhui,adjective,17
lama-lama,nèbhu-nèbhu,adverb,17
lamban,nena,verb,17
lambat,nena,verb,17
lampaui,lènge,quantifier,17
lampu,labhu,noun,17
langit,liru,noun,17
langit,rai-dedha,noun,17
langsung,mema,particle,17
lantik,ded'e,verb,17
lapangan,pada,noun,18
lapangan,patalale,verb,18
lapar,manganga,verb,18
lapar,pataleo,verb,18
lapor,palolo,verb,18
lapor,tabhèli,verb,18
laporkan,galaa,verb,18
lesu,roe,verb,18
larang,kai,verb,18
lesung,ngècu,noun,18
lari,rai,verb,18
lewati,re,preposition,18
laris,laku,verb,18
lewati,sisu,verb,18
latih,aj'a,verb,18
liang,loe,noun,18
laut,dhasi,noun,18
liar,hui,verb,18
lawan,lab'a,verb,18
lidah,he'o,noun,18
lawan,sisu,verb,18
lidi,ladha,noun,18
lawat,pa'asu-pareo,verb,18
lihat,nad'o,verb,18
layani,lalau,verb,18
lihat,nèdhi,verb,18
layani,lalau-lalo'o,verb,18
lihat,ladhe,verb,18
layani,lalau-lo'o,verb,18
lihat,pangad'o,verb,18
layar,lai,noun,18
lihat belakang,kabiba,verb,18
layu,kamale,adjective,18
lihat dgn teliti,loti,verb,18
lebah,oni,noun,18
lihat kebutuhan,ladhe-leru,verb,18
lebih,risi,adverb,18
lihat sejenak,patigi,verb,18
lebih,seli,adverb,18
lihat urat,ladhe kalua,verb,18
lebih,lènge,quantifier,18
lilit,haheo,verb,18
lebih awal,mema,particle,18
lima,lèmi,numeral,18
lebih dahulu,uru,adverb,18
limpa,rèu,noun,18
lebih dahulu,uuru,adverb,18
lindungi,bhiri,verb,18
lebih dahulu,tèke,verb,18
lipat,lèpe,verb,18
lebuh,kao-kao,noun,18
logam,bèsi,noun,18
leher,goro,noun,18
logam berharga,hualaa,noun,18
leher,ladha-goro,noun,18
lombok,sili,noun,18
lemah,roe,verb,18
lompat,pasoa,verb,18
lemahkan,paroe,verb,18
longgar,golo,adjective,18
lemah-lembut,mako,adjective,18
loyo,roe,verb,18
lembut,mako,adjective,18
luar,li'u,noun,18
lempar,core,verb,18
luas,taleo,adjective,18
lempar,pèci,verb,18
lubang,ro'a,noun,18
lengan baju,ka'ae,noun,18
ludah,ilu,noun,18
lengkap,tesa,adjective,18
"ludah, buang",paru'e,verb,18
lengkapi,pamèci,verb,18
luka baru,nu'a,noun,18
lepaskan,patabuli,verb,18
luka lama,hisu,noun,18
lumpuh,karuku,verb,19
lumpur,lub'u,noun,19
lumut,ula,noun,19
lunas,kèni,noun,19
luncurkan,pacaroco,verb,19
lupa,bhabhèlu,noun,19
lupa,bhèlu,verb,19
lupakan,pabhèlu,verb,19
lurus,dhoo-dhoo,adjective,19
lurus,mèngi,adjective,19
lurus,mola,adjective,19
luruskan,pamola,verb,19
lurus-lurus,mola-mola,adjective,19
lusa,camèda,temporal,19
lutut,urutuu,noun,19
lutut,patitu,verb,19
"lutut, ber-",kètu urutuu,verb,19
"lutut, tempurung",kètu urutuu,noun,19
maaf,baku haleo,idiom,19
madu,dhua nasu oni,noun,19
mahal,kabua,noun,19
main,karihu,verb,19
maju,ara,verb,19
makan,na'a,verb,19
makan gula,dote,verb,19
"makan, memberi",panga'a,verb,19
makanan,nganga'a,noun,19
maki,padhèd'a,verb,19
makna,sasoa,noun,19
malam,mèda,noun,19
"malam, ber-",j'unu,verb,19
malaria,maringi-sagoro,noun,19
malas,bai-eed'a,verb,19
malu,makae,verb,19
malukan,pamakae,verb,19
mampu,mèke,verb,19
mampu,bisa,verb,19
mampu,èra,verb,19
mampu,nia,auxiliary,19
mampu,abhu,verb,19
mampu atasi,j'èru,verb,19
mampu lawan,j'èru,verb,19
mana,ka mia,interrogative,19
mana-mana,mia-mia,noun,19
mandi,diu,verb,19
mangga,pao,noun,19
mangkok,mago,noun,19
manis,kakee,adjective,19
mantri,dote,noun,19
mantri,dote matarii,noun,19
manusia,dhèu,noun,19
manusia,dhèu rai-haha,noun,19
marah,kacèla,noun,19
marah,kaheo,noun,19
marah,haleo,verb,19
marah,jèke,verb,19
marah,tèka dara,verb,19
marah,hino,verb,19
marah,nasa,verb,19
marah,paj'èka,verb,19
marah sekali,pana-magoro,adjective,19
marahi,kai,verb,19
mari,mai,verb,19
masak,mami,verb,19
masak,pana-nasu,verb,19
masak,madhasa,adjective,19
masih,era,noun,20
masih ada,era,noun,20
masuk,maso,verb,20
masukkan,padulu,verb,20
masukkan,pamaso,verb,20
masukkan tangan,gogo,verb,20
masyarakat,kaba rai,noun,20
masyarakat,dhèu kaba rai,noun,20
mata,madha,noun,20
mata,musi madha,noun,20
mata air,madha èi,noun,20
mata kail,isi malebha,noun,20
mata pancing,isi malebha,noun,20
matahari,lod'o,noun,20
matang,madhasa,adjective,20
mati,madhe,verb,20
matros,mataroo,noun,20
mau,dèi,verb,20
mau,kapingi,verb,20
mau,neo,verb,20
mau,no'o,verb,20
mau tidak mau (dia),no'o do no'o boe èèna ka,idiom,20
mau tidak mau (kami),ngo'o do ngo'o boe èèna ka,idiom,20
"mau tidak mau (kamu, kalian)",mo'o do mo'o boe èèna ka,idiom,20
mau tidak mau (kita),to'o do to'o boe èèna ka,idiom,20
mau tidak mau (mereka),ro'o do ro'o boe èèna ka,idiom,20
mau tidak mau (saya),ko'o do ko'o boe èèna ka,idiom,20
meja,mei,noun,20
melalui,re,preposition,20
melukai,panu'a,verb,20
melukai,panu'e,verb,20
memang,mema,particle,20
memberi makan,panga'a,verb,20
membuat kesalahan,tasala,verb,20
membuat tertawa,pamari,verb,20
memelihara waktu sakit,pad'elo dara hua iia,verb,20
memihak,ree,verb,20
memper-,pa-,prefix,20
memperkuat,pakadhii,verb,20
memperkuat,pa'èra,verb,20
memperlihatkan,padelo,verb,20
memperlihatkan,pad'elo,verb,20
mempersingkat,pabab'e,verb,20
menang,segi,verb,20
menari,roge,verb,20
mendampingi,bera-bera,verb,20
mendetail,lutu-sela,idiom,20
mengajar,aj'a,verb,20
mengaku,mangaku,verb,20
mengaku salah,bhoke sasala,verb,20
mengandung,babia,noun,20
mengantuk,musi madha sakaa,idiom,20
mengelolah,pa'uri,verb,20
mengelolah,uri,verb,20
mengerti,ne'a,verb,20
mengkilat,lo'a-lo'a,adverb,20
menguek keras,pakii aae,verb,20
meninggal,madhe,verb,20
menurut,aku,preposition,20
menurut,madhutu,verb,20
menyangkal,pasili,verb,20
menyusahkan,paj'èra,verb,21
miring,kapengo,verb,21
miring,sagoto,verb,21
merah,mea,adjective,21
mereka,ra,pronoun,21
mereka,ra-,pronoun,21
mereka,rèngu,pronoun,21
mereka,si,pronoun,21
mereka,-si,pronoun,21
mohon,manèngi,verb,21
mohon,manèngi-mangaj'i,verb,21
merontak,parui,verb,21
mohonan,lii roma iisi,noun,21
merpati,koro,noun,21
muat,hua,verb,21
merpati,koro j'aha,noun,21
muat,hue,verb,21
"merpati, burung",koro èi ci'u,noun,21
muda,ngèru,adjective,21
mesjid,èmu,noun,21
mujur,mèngi,adjective,21
muka,madha,noun,21
muka,rèhu,noun,21
muka,rohu,noun,21
meskipun,masi ka,conjunction,21
mulai bekerja,bhoke sasab'a,verb,21
mesti,hudi,particle,21
mesti,hud'i,particle,21
mulai (bicara),j'oka,verb,21
milik,unu,verb,21
"mulia, ter-",hua iia,conjunction,21
mimpi,tanila,noun,21
mulut,hèb'a,noun,21
mimpi,nii,verb,21
muncul,bhodho,verb,21
minggu,migu,noun,21
muncul,sub'u,verb,21
minta,manèngi,verb,21
mundur,hari kabodho,verb,21
minta,manèngi-mangaj'i,verb,21
muntah,mèdhu,verb,21
minta diri,palangu,verb,21
minta diri,palangu lii,verb,21
musim,hèru,noun,21
minta nikah,tenge dhèu,idiom,21
musim dingin,hèru pacuhi,noun,21
minum,ninu,verb,21
musim hujan,hèru èj'i lai,noun,21
minyak,mènyi,noun,21
musim ombak,hèru dhasi aae,noun,21
minyak kelapa,èi lèngi,noun,21
musim panas,hèru hadhu,noun,21
minyak tanah,èi mènyi rai,noun,21
musim panas,hèru sagoro,noun,21
musim panen,hèru puu-g'ètu,noun,21
musim tanam,hèru sèla,noun,21
nafas,a'ae.,noun,22
naik,ca'e.,verb,22
nakal,laka;,verb,22
nakal,palaka.,adjective,22
nama,ngara;,noun,22
nama,kolongara.,noun,22
namakan,pangare.,verb,22
namun,masi ka.,conjunction,22
nanti,pe.,conjunction,22
narasi,lii lolo.,noun,22
nasehat,lii holo nori;,noun,22
nasehat,nanori.,noun,22
nasehati,holo;,verb,22
nasehati,kai.,verb,22
nasi,kau.,noun,22
nasib,kalua.,noun,22
naung,mamaho.,noun,22
negeri,rai.,noun,22
nelayan,ana dhasi.,noun,22
nenek,bèi.,noun,22
nenek-moyang,bèi-baki.,noun,22
nikah,madhèdi;,verb,22
nikah,paleo.,verb,22
nilai,kabua.,noun,22
-nya,na.,pronoun,22
nyala,heo;,verb,22
nyala,saraa.,verb,22
nyalakan,suru.,verb,22
nyamuk,ob'a.,noun,22
nyanyi,soda.,verb,22
nyenyak,luu.,verb,22
obat,na'i;,noun,22
obat,èi na'i.,noun,22
oleh karena itu,nèti èèna ka.,conjunction,22
oleh sebab itu,nèti èèna ka.,conjunction,22
oleskan,pakose.,verb,22
olok-olok,ke'e-ke'e.,adverb,22
om,to'o.,noun,22
ombak,naha.,noun,22
omong kosong,monya;,verb,22
omong kosong,obho.,verb,22
omongan,lii padhai lii.,noun,22
orang,ana;,noun,22
orang,dhèu.,noun,22
orang banyak,dhèu ae.,noun,22
orang kasian,dhèu dhu dènge boe unu.,noun,22
orang Kristen,dhèu sarani.,noun,22
orang mati,dhèu madhe;,noun,22
orang mati,nidhu.,noun,22
orang miskin,dhèu dhu dènge boe unu.,noun,22
orang percaya,dhèu sarani.,noun,22
orang suruhan,dhèu pajuu-paleha,noun,22
orang tua,dhèu heka;,noun,22
orang tua,ina-ama.,noun,22
otak,kahadhu.,noun,22
pada,ètu,preposition,23
pada,tu,preposition,23
pada suatu hari,ca lodo hari,temporal,23
pada waktu,rapa,conjunction,23
pada waktu,ropa,conjunction,23
padang,mamoo,noun,23
padang,pada,noun,23
padang,pad'a,noun,23
padang gurun,pad'a sod'a,noun,23
padi,are,noun,23
pagar batu,tedhe,noun,23
pagari,pa'oke,verb,23
pagi,madae,noun,23
paha,haree,noun,23
paham,ne'a,verb,23
pahat,papaa,noun,23
pahat,pae,verb,23
pajak,bea,noun,23
pakai,pake,verb,23
pakaian,mèdha papake,noun,23
pakaian,papake,noun,23
paksa,seti,verb,23
paksa,laka-seti,verb,23
paksa,pakaseti,verb,23
paksa,palaka,verb,23
palang,palèbha,verb,23
palka,rao,noun,23
palka,roa,noun,23
palu,ana pèci,noun,23
pamali,luri,verb,23
pamali,laluri,adjective,23
paman,to'o,noun,23
pamit,palangu,verb,23
panah,palangu lii,verb,23
panah,kataki,noun,23
panas,pana,adjective,23
panas,sagoro,adjective,23
panas,sag'oro,adjective,23
panas sekali,pana-magoro,adjective,23
pancing,malebha,verb,23
pandang,ladhe,verb,23
pandangan,laladhe,noun,23
panen,puu-g'ètu,verb,23
panggang,paga,verb,23
panggang badan,manyiru,verb,23
panggil,pa'oo-parodha,verb,23
panggil,rodhe,verb,23
panggil,pa'oo,verb,23
panggil,paroa,verb,23
panggil,paroe,verb,23
pangkal,kolo-kapua,idiom,23
paniki,ni'i,noun,23
panjak,c'e',verb,23
panjang,madhera,adjective,23
pantai,sebhe dhasi,noun,23
pantas,nia,quantifier,23
pantun,hini,noun,23
papan,papa,noun,23
parang,hela,noun,23
paru-paru,haa,noun,23
pas,lèke,verb,23
pasang,dhasi joro,noun,23
pasang perangkap,paje,verb,23
pasar,era pahia-pahèli,noun,23
pasar,pasa,noun,23
pasir,salae,noun,23
pecah,mae,verb,23
pecah,masèke,verb,23
pecek,lub'u,noun,24
pedang,samala,noun,24
pegang,nèd'u,verb,24
pegang,kadhèi,verb,24
pegang,kèpe,verb,24
pekerjaan,sasab'a,noun,24
pel,èi na'i,noun,24
pelabuhan,hèb'a-namo,noun,24
pelangi,saroo,noun,24
pelan-pelan,mau-mau,adverb,24
pelayan,ana paleha,noun,24
pelayan,dhèu pajuu-paleha,noun,24
pelepah,èpa,noun,24
pelihara,ladhe-leru,verb,24
pelihara (binatang),ani,verb,24
peluang,lake,noun,24
peluang,lake mere,noun,24
peluh,kabhèsu,noun,24
peluk,liku,verb,24
pelupa,bhabhèlu,noun,24
pembantu,ana paleha,noun,24
pembantu,ana tai,noun,24
pembantu,ana pajuu,noun,24
pembantu,dhèu pajuu-paleha,noun,24
pembawa pesan,ana paj'uu-paleha,noun,24
pemberani,dhèu bani,noun,24
pemberita,ana paj'uu-paleha,noun,24
pembicaraan,lii padhai lii,noun,24
pemerintah,paredha,noun,24
pemerintahan,paredha,noun,24
pemilik,lamatua,noun,24
pemimpin,kètu,noun,24
"pencar, ter-",paj'ala,verb,24
pencerita,tuka tenge lii,noun,24
pencerita,tuka togo lii,noun,24
pencobaan,dadugu,noun,24
pencobaan,dadugu-rariu,noun,24
pendapat,a'abhu,noun,24
pendapat,dadèi,noun,24
pendapat,ngangee,noun,24
pendayung,tatuku,noun,24
pendek,bab'a,adjective,24
"pendek, memper-",pab'ab'e,verb,24
pendekkan,pabab'e,verb,24
penderitaan,j'aj'èra,noun,24
penderitaan,sasusa,noun,24
pendeta,panita,noun,24
pengacara,tuka parisa lii langu,noun,24
pengadu,tuka tenge lii,noun,24
pengadu,tuka togo lii,noun,24
pengajaran,a'aj'a,noun,24
pengajaran,nanori,noun,24
pengapit,ngangapi,noun,24
pengemban tugas,ana paj'uu-paleha,noun,24
pengetahuan,kake'a,noun,24
pengetahuan,mame'a,noun,24
pengetahuan,nane'a,noun,24
pengetahuan,ngange'a,noun,24
pengetahuan,rare'a,noun,24
pengetahuan,tate'a,noun,24
pengharapan,sanao,noun,24
pengharapan,maena,verb,24
penghargaan,maena,verb,24
pengikir,rarodho,noun,24
pengikut,ana madhutu,noun,24
pengkhayal,nanèdhi,noun,24
pengkhayal,tanila,noun,24
penglihatan,laladhe,noun,25
penglihatan,nanèdhi,noun,25
penglihatan,tanila,noun,25
penjara,bèdho,noun,25
penting,kapai,adjective,25
penuhi,papènu,verb,25
penutup,bèdho,noun,25
penyair,dhèu ne'a hini,noun,25
penyakit,papèda,noun,25
pepaya,lolobangi,noun,25
perahu,koha,noun,25
perahu,rao,noun,25
perahu,roa,noun,25
perahu kecil,ana kènii,noun,25
perak,pudhi,adjective,25
perampok,parapo,noun,25
peraturan,atora,noun,25
perawat,dhèu pake na'i,noun,25
perayaan,kalela,noun,25
perbaiki,lalau,verb,25
perbaiki,lalau-lalo'o,verb,25
perbaiki,lalau-lo'o,verb,25
perbaiki,pabe'a,verb,25
perbuatan,ho'a,noun,25
perbuatan,tatao,noun,25
perbuatan,madha j'ara,idiom,25
percaya,lèka,verb,25
percaya,parcaya,verb,25
percayakan,pangèd'u,verb,25
percuma,iia dara,adverb,25
perduli,pusi,verb,25
perempuan,bèni,noun,25
perempuan,bhèni,noun,25
perempuan,dhèu bhèni,noun,25
pergi,dhiu,verb,25
pergi,kako,verb,25
perhatian,madha-dhilu,idiom,25
perhatikan,nad'o,verb,25
perhatikan,ladhe-leru,verb,25
perhatikan,pangad'o,verb,25
perhatikan,nare dara,idiom,25
peribahasa,hini,noun,25
perilaku,kakako,noun,25
peringatkan,kai,verb,25
perintah,paredha,noun,25
perintah,paredha,verb,25
peristiwa,j'aj'aj'i,noun,25
periuk,èru,noun,25
perjalanan,kakako,noun,25
perjelas,pamèu,verb,25
perkara,lii langu,noun,25
perkara di dalam,dara èmu miu,idiom,25
perlu,pusi,verb,25
perlu,parluu,auxiliary,25
permisi,palangu,verb,25
permisi,palangu lii,verb,25
permulaan,kapua,noun,25
perpanjang,tuhu,verb,25
perpanjang,pamadhera,verb,25
perpecahan,mamae,noun,25
perpendek,pab'ab'e,verb,25
persalahkan,pasala,verb,25
persalahkan,galaa,verb,25
persetan,ai-hèb'a,idiom,25
persingkat,paca'èta,verb,25
persis,re,particle,25
pertama,uru,adverb,25
pertama,uuru,adverb,25
pertimbangan,dad'oo,noun,25
pertimbangkan,d'ara madhera,idiom,25
pertimbangkan,dara madhera,idiom,25
perumpamaan,ngangee madhera,idiom,26
perumpamaan,lii upama,noun,26
perut,kabake,noun,26
perut (rongga),d'èlu,noun,26
pesan,moa,verb,26
pesta,ra'a sisi,noun,26
pesta,tatao,noun,26
pesuruh,ana paj'uu-paleha,noun,26
peti,boaraka,noun,26
petik,g'ètu,verb,26
petik,puu,verb,26
petugas,ana paj'uu-paleha,noun,26
pikir,ngee,verb,26
pikir,kasere,verb,26
pikiran,ngangee,noun,26
pikul,dui,noun,26
pikul,d'ui,verb,26
pikul,jèru,verb,26
pikul,j'èru,verb,26
pikul (dgn bahu),pasae,verb,26
pilah,hag'e,verb,26
pinang,hènyi,noun,26
pindah,pidha,verb,26
pinggir,sebhe,noun,26
pinggir laut,sebhe dhasi,noun,26
pintar,mèu,verb,26
pintar,d'èlu-mèu,idiom,26
pintu,hèb'a,noun,26
pintu,hèb'a èmu,noun,26
pipi,ripi,noun,26
piring,pega,noun,26
"pisah, ber-",pacèri,verb,26
pisahkan,hag'e,verb,26
pisang,mu'u,noun,26
pisau,tud'i,noun,26
pisau taji,dhara,noun,26
plat,kabela,adjective,26
pohon,aj'u,noun,26
polos,mola-mola,adjective,26
potong,j'ue,verb,26
potong,kèj'i,verb,26
potong,pabab'e,verb,26
potong,pare,verb,26
potong,poro,verb,26
potong,roro,verb,26
potong,seru,verb,26
potong bicara,paca'èta,verb,26
potong bicara,poro,verb,26
prinsip,tate'a,noun,26
pro,ree,verb,26
propinsi,propensi,noun,26
protes,pakii,verb,26
puasa,puasa,verb,26
puja,koa-kio,verb,26
puji,koa-kio,verb,26
pukat,pèku,noun,26
pukul,hake,noun,26
pukul,abo,verb,26
pukul,dhedhe,verb,26
pukul,hake,verb,26
pukul,j'ubhu,verb,26
pukul,kalabhe,verb,26
pukul,tèba,verb,26
pukul,tèbe,verb,26
pukul,tuku,verb,26
pukul,tuku,verb,26
pukuli,game,verb,26
pulang,lèpa,verb,26
pulihkan,puri,verb,26
puluh,nguru,numeral,26
pun,kahèi,particle,26
-pun,sa,particle,26
puncak,kolo,noun,26
punggung,kabodho,noun,27
punya,unu,verb,27
pura-pura,sangaja,verb,27
puruk di dalam,moca,verb,27
pusaka,pusaka,noun,27
pusat,kapua,noun,27
pusing,madea,adjective,27
putar-balik,kapod'e-kabèli,verb,27
putar-balik,pakapod'e,verb,27
putih,pudhi,adjective,27
putus,ma'ète,verb,27
putus (perkara),j'ue,verb,27
putuskan,ma'ète,verb,27
putuskan,pa'ia,verb,27
putuskan,pama'èta,verb,27
putuskan,pama'ète,verb,27
raba,g'ag'e,verb,27
racun,raco,noun,27
raja,dhèu aae,noun,27
raja,dhèu aae,noun,27
rajin,maj'èni,adjective,27
rajin,d'èlu-mèu,idiom,27
rakyat,kaba rai,noun,27
rakyat,dhèu kaba rai,noun,27
ramas,pacèli,verb,27
rambut,rèu kètu,noun,27
rampas,parame more,verb,27
"rampas, baku",parame,verb,27
rangkak,rod'o,verb,27
rangkul,liku,verb,27
ranjang,koi,noun,27
rantai,rate,noun,27
rapi,mèci,verb,27
rasa,mamènyi,noun,27
rasa pahit,papèdu,noun,27
rasa sakit,rarii,noun,27
rasul,ana paj'uu-paleha,noun,27
rata,mera,adjective,27
ratakan,pamera,verb,27
ratakan,pamèu,verb,27
ratus,ngasu,numeral,27
raup,da'u,verb,27
rawat,leru,verb,27
rayap,rod'o,verb,27
rayuan,dadugu-rariu,noun,27
reaksi,capa,verb,27
rebus,nasu,verb,27
rebus air,pai,verb,27
reda,loe,verb,27
rekan,isi aanga,noun,27
remas,pacèli,verb,27
rendah,haha,adjective,27
rendahkan,pahaha,verb,27
rendahkan diri,roma iisi,verb,27
rendam,edhe,verb,27
renungkan,pajiko,verb,27
retih,siro-siro,noun,27
ribu,riho,numeral,27
ribut,maruru,verb,27
ribut,sagu,verb,27
ringan,sèma,adjective,28
rintis,adu-ue,verb,28
rintis jalan,bhoke j'ara,verb,28
robah,ub'a,verb,28
robek,mae,verb,28
robek,ciu,verb,28
robek,pamae,verb,28
roboh,guri,verb,28
robohkan,paguri,verb,28
roh,roh,noun,28
roh jahat,nidhu,noun,28
roh orang mati,nidhu,noun,28
rombongan,canau,noun,28
ronda,pasia,verb,28
rongga perahu,dara roa,noun,28
rongga perut,d'èlu,noun,28
rotan,gui,noun,28
roti,roti,noun,28
rumah,èmu,noun,28
rumah ibadat,èmu manèngi-mangaj'i,noun,28
rumah sembayang,èmu sabaj'a,noun,28
rumput,j'u'u,noun,28
runcing,riu,verb,28
"runding, ber-",padhue,verb,28
rupa,rèhu,noun,28
rupa,rohu,noun,28
rupa,rupa,noun,28
rusakkan,pakarehe,verb,28
rusakkan,pa'ele iie,verb,28
saat,rapa,conjunction,28
saat,ropa,conjunction,28
saat ini,deo ne'e,temporal,28
sabar,taleo,adjective,28
sabar,d'ara madhera,idiom,28
sabar,dara madhera,idiom,28
sabar,ngangee madhera,idiom,28
sabar menunggu,tatae,verb,28
sadap,èta,verb,28
sadar,mase'a,adjective,28
sahabat,angalai,noun,28
saja,di,particle,28
sakit,pèda,verb,28
sakit jiwa,huj'u,verb,28
"sakit, rasa",rarii,noun,28
"sakit, rasa",kabo'o,verb,28
saksi,sakasii,noun,28
salah,sigo,noun,28
salah,sala,verb,28
salah,sale,verb,28
salam,lii maho'o,noun,28
salami,tabe,verb,28
salib,palèbha,verb,28
"salin, ber-",nara iisi,verb,28
saling,pa,prefix,28
saling berbatas,patoo,verb,28
saling berkunjung,pad'elo dara hua iia,verb,28
saling berkutuk,pakatoo,verb,28
saling bertanya,pakarèi,verb,29
saling bertemu,patadha,verb,29
saling melawan,palab'a,verb,29
saling membantu,pad'elo dara hua iia,verb,29
saling memberitahu,papeka,verb,29
saling memukuli,pagama,verb,29
saling menyukai,padèi,verb,29
sama,sama,comparative,29
sama ke,sèmi,comparative,29
sama seperti,nuka,verb,29
sama-sama,bera-bera,verb,29
sama-sama,palere,verb,29
sama-sendiri,isi aanga,noun,29
sambung,tuhu,verb,29
sambut,soru,verb,29
sambut,maho'o,verb,29
sampah,maruru,noun,29
sampai,toke,preposition,29
sampai,toke dai,preposition,29
sampai,sange,verb,29
sampai,dai,conjunction,29
sampai di tanah,pa'oro,verb,29
sampan,ana kènii,noun,29
samping,karasa,noun,29
samping,sebhe,noun,29
sana,nèi,demonstrative,29
sandal,salapa,noun,29
sandaran hidup,maena,verb,29
sangat,seli,adverb,29
sangat,bia,adjective,29
sangat,dai,adverb,29
sangkar,rèda,noun,29
sapa,lii maho'o,noun,29
sapa,maho'o,verb,29
sapu,sasaku,noun,29
sapu,saku,verb,29
saput,dame,verb,29
saputangan,lesu,noun,29
sarang,rèda,noun,29
sarang laba-laba,gagèni,noun,29
sarung,rabhi,noun,29
sarung,seg'i,noun,29
sarung,sig'i,noun,29
sasando,sasadhu,noun,29
satu,èci,numeral,29
satu,ca,quantifier,29
satu ekor,ci'u,quantifier,29
satu kali,ca tèka,temporal,29
satu waktu,ca tèka,temporal,29
satu-satu,èci-èci,quantifier,29
satu persatu,èci-èci,quantifier,29
saudara laki-laki,ana mone,noun,29
saudara perempuan,ana hèni,noun,29
saudara-saudara,a'a-ari,noun,29
saudara-saudara,a'ari,noun,29
sawah,ma'are,noun,29
sawan,rèdha,verb,29
saya,cèku,pronoun,29
saya,ja'a,pronoun,29
saya,ku-,pronoun,29
saya,-ku,pronoun,29
saya,k-,pronoun,29
sayang,sasue,noun,29
"sayang, ke--an",pasue,adjective,29
sayangi,sue,verb,29
sayur,rèu aj'u,noun,29
se-,ca,quantifier,29
sebab,kapua,noun,29
sebab,lula,conjunction,29
sebab,nèti,preposition,29
sebagian,cahag'e,quantifier,29
sebaiknya,hua iia,conjunction,30
sebaiknya,hua iie,conjunction,30
sebar,paj'ala,verb,30
sebelah,bèka,noun,30
sebelah,cabèka,noun,30
sebelum,uru,adverb,30
sebelum,uuru,adverb,30
sebelumnya,mema,particle,30
sebentar malam,camèda,temporal,30
sebuah,cue,quantifier,30
sebut,ale,verb,30
secepatnya,mema,particle,30
sedang,dhu,particle,30
sedikit,ciki,quantifier,30
seekor,ci'u,quantifier,30
segera,dara lai-lai,adverb,30
segera,mema,particle,30
sehabat,anga,noun,30
sehat,be'a,adjective,30
sehat,mase'a,adjective,30
sehingga,sèna ka,conjunction,30
"sejahtera, ke--an",sasoda,noun,30
sejak,karèi,adverb,30
sejak,krèi,adverb,30
sekali,lao-lao,adverb,30
sekali,ood'e-ood'e,adverb,30
sekali,oo'e,quantifier,30
sekarang,deo ne'e,temporal,30
sekop,da'u,verb,30
selalu,mèda-mèu,noun,30
selalu,mèu-mèda,noun,30
selama,nare,preposition,30
selamatkan,patabuli,verb,30
selatan,balèu,noun,30
selesai,èle,verb,30
selimut tenun,sig'i-kalolo,noun,30
selisih,pasisu,verb,30
selubung,bhiri,verb,30
seluruh,mèu-mèu,adverb,30
seluruh,kateme,adjective,30
seluruh tempat,lème,noun,30
semakin,asa,preposition,30
semakin,hoe,adverb,30
semalan,camèda,temporal,30
sembah,mangaj'i,verb,30
sembarangan,ore,adverb,30
sembarangan,leli,verb,30
sembayang,sabae,verb,30
sembayang,sabaj'a,verb,30
sembayang,manèngi-mangaj'i,verb,30
sembelih,horo,verb,30
sembelih,kèj'i,verb,30
sembelih,poro,verb,30
sembelih,roro,verb,30
sembilan,ceo,numeral,30
sembuhkan,pa'èle,verb,30
sembunyikan,pahuni,verb,30
sempurna,kateme,adjective,30
sempurnakan,pamèci,verb,30
semua,mèu-mèu,adverb,30
semua,aa'i,quantifier,30
semua,aa'i-aa'i,quantifier,30
semut,kikidui,noun,30
senang,dèi,verb,30
senang,karae,adjective,30
senang,karej'e,adjective,30
senang,karej'e-karae,adjective,30
"senang, bekin",pakarej'e,verb,30
senar,dhari malebha,noun,30
sendiri,unu,verb,30
sendiri,mesa,quantifier,30
sendok,curu,noun,30
sengaja bekin tuli diri,pakatele,verb,30
sengsara,j'èra,verb,31
sengsara,mèda-mèu,noun,31
sengsarakan,paj'èra,verb,31
sengsarakan,mèu-mèda,noun,31
sengsarakan secara fisik,uku-kedi,idiom,31
"seni, air",èi soro èi,noun,31
senjata tajam,rèka,noun,31
sentak,rèbhi,verb,31
sentuh,gai,verb,31
sentuh,goi,verb,31
sentuh,g'ag'e,verb,31
sentuh,pagoi,verb,31
seolah-olah,karaka,adjective,31
sepak,katuju,verb,31
sepakat,rare lii èci,verb,31
sepakat,pare'a,verb,31
separuh,cahag'e,quantifier,31
sepatu,salapa,noun,31
seperti,sèmi,comparative,31
seperti,sènge,comparative,31
sepuluh,canguru,numeral,31
serahkan,pangèd'u,verb,31
seratus,cangasu,numeral,31
serdadu,sordadu,noun,31
seru,padhai,verb,31
sesak,seti,verb,31
sesak,paseti,verb,31
sesuai,pamèci,verb,31
sesuap,cahèba,noun,31
sesudah itu,èle èèna ka,conjunction,31
setan,nidhu,noun,31
setiap hari,bèli-bèli,temporal,31
setuju,ngètu,verb,31
sewa,seb'a,verb,31
SH,tuka parisa lii langu,noun,31
siang,mèu,noun,31
siang-malam,mèu-mèda,noun,31
siapa,cee,particle,31
siapkan,pa'èra,verb,31
sibuk,sibu,verb,31
sibuk-sibuk,tasib'u,verb,31
sibuk-sibuk,jau oba-oba,idiom,31
sifat,rupa,noun,31
siksa,uku-kedi,idiom,31
siku,hui si'u,noun,31
simpan,tèke,verb,31
sinagoge,èmu manèngi-mangaj'i,noun,31
singgah,dhuli,verb,31
singkong,sihu aj'u,noun,31
sini-sana,lai-lere,adverb,31
siram,cebe,verb,31
sisa,ate,verb,31
sisik,nanai,noun,31
sogok,palèke,verb,31
sombar,mamaho,noun,31
sombong,pabhèni,adjective,31
sombong,pamone,adjective,31
songsong,soru,verb,31
sopi,dhua ara,noun,31
sore,nihia,noun,31
sorong,j'ole,verb,31
sorong,soro,verb,31
sorong tangan,kanata,verb,31
spontan,capa,verb,31
suami,dhèu èmu,noun,31
suangi,uku,noun,31
suap,palèke,verb,31
suara,li,noun,31
suara,lii,noun,31
suatu,èci,numeral,31
subur,hèu mèngi,adjective,31
suci,mola-mèci,idiom,31
sudah,nare,verb,32
sudah,ka,complementizer,32
sudah,ele,particle,32
sudah,le,particle,32
sudut,kabicu,noun,32
suka,dale,verb,32
suka,dèi,verb,32
suka,neo,verb,32
sukacita,karej'e-karae,adjective,32
suku,suku,noun,32
suku,udhu-rasa,noun,32
suling,sakino,noun,32
sulit,carui,verb,32
"sulit, ke--an",sasusa,noun,32
sumber,kapua,noun,32
sumbur,sabhuu,verb,32
sumur,madha èi,noun,32
sumur kering,èi madhe,noun,32
sunat,bèka,verb,32
sungai,loko,noun,32
sungguh,tare'a,adjective,32
sungguh-sungguh,d'ara kateme,noun,32
sungguh-sungguh,mema,particle,32
supaya,ho,conjunction,32
supaya,sèna ka,conjunction,32
surat,sasuri,noun,32
suruh,pajuu,verb,32
suruh,pajuu-paleha,verb,32
suruh,paleha,verb,32
suruh,pua,verb,32
surut,dhasi mara,noun,32
susah,j'èra,verb,32
"susah, ke--an",sasusa,noun,32
susun,lalau,verb,32
susut,karuku,verb,32
syair,hini,noun,32
taat,madhutu,verb,32
tadah,kanate,noun,32
tadi,deo,demonstrative,32
tahan,kèpe,verb,32
tahanan,ana bèdho,noun,32
tahi,dhèi,noun,32
tahi,nda'i,noun,32
tahu,ne'a,verb,32
tahun,tèu,noun,32
tajam,mad'èka,adjective,32
"taji, pisau",dhara,noun,32
tak ada,aad'o,negation,32
tak ada,boe,negation,32
tak bergerak,kalau-karèto,verb,32
tak bergerak lagi,kalau,verb,32
tak berguna,samanga bho!,idiom,32
tak terduga,cag'ag'a,adverb,32
takaran,bia,noun,32
taksir,kasere,verb,32
takut,madha'u,verb,32
takut jatuh,mangingi,verb,32
tali,dhari,noun,32
tali perut,tanèi,noun,32
tambah,tabha,verb,32
tampakkan,padelo,verb,32
tampakkan,pad'elo,verb,32
tampar,tèba,verb,32
tampar,tèbe,verb,32
tampeleng,tèba,verb,32
tampeleng,tèbe,verb,32
tanah,rai,noun,33
tanah air,kaba rai,noun,33
tanah goyang,rai opo,verb,33
tanah luas,mamoo,noun,33
tanam,padhane,verb,33
tanam,sèla,verb,33
tanda,tadha,noun,33
tandakan,patadhe,verb,33
tangan,ai,noun,33
tangan,kacui-aai,noun,33
tangan,ka'ae,noun,33
tanggung,tago,verb,33
tanggung hidup,tago,verb,33
tangkap,kèpe,verb,33
tante,ina-nae,noun,33
tante,teto,noun,33
tanya,bari,verb,33
tanya,karèi,verb,33
"tari, men-",roge,verb,33
tarik,nuni,verb,33
tarik dgn paksa,rèbhi,verb,33
"taruh, ber-",patèka,verb,33
tas,rog'a,noun,33
tata cara,madha j'ara,idiom,33
tatap,kaloo,verb,33
tawar hati,d'ara roe,noun,33
tebus,sui,verb,33
teduh,marèngi,verb,33
teduh,mau,verb,33
tegur,kai,verb,33
teh,"èi pana, lihat: èi",noun,33
tekan,marèu,verb,33
tekun,maj'èni,adjective,33
telah,le,particle,33
telan,dhèle,verb,33
telapa kaki,kaba j'èla,noun,33
telapak,d'ara kacui aai,noun,33
telapak,kacui-aai,noun,33
telapak tangan,adhe-aai,noun,33
telinga,rèu dhilu,noun,33
teliti,patigi,verb,33
telur ayam,kanadhu manu,noun,33
teman,anga,noun,33
teman,angalai,noun,33
tembaga,tabaga,noun,33
tembak,kasiro,verb,33
"tembak, saling",pakasiro,verb,33
tembako,na'i,noun,33
tembok,tebho,noun,33
tembus,madhore,verb,33
tempa,tuku,verb,33
tempat,era,noun,33
tempat tidur,koi,noun,33
tempel,kalape,verb,33
tempurung,kaba,noun,33
tempurung,kabu huru,noun,33
tempurung kelapa,kabu nyiu,noun,33
tempurung lutut,kètu urutuu,noun,33
tenang,marèngi,verb,33
tenang,mau,verb,33
tenda,paleo,noun,33
tendang,katuju,verb,33
tengah,talora,noun,33
tengah sekali,talora aae,noun,33
tenggelam,molo,verb,33
tenggelam,cèna,verb,33
tenggelamkan,pacène,verb,33
tengkar,pabala,verb,33
"tengkar, ber-",patao,verb,33
tengking,jèke,verb,33
tentang,lula,preposition,33
tentang,lula nèti,preposition,33
tentang,nèti,preposition,33
tenun,manènu,verb,33
"tenun, selimut",sig'i-kalolo,noun,34
"tenun, selimut",haleo,verb,34
tepat,lèke,verb,34
tepat,tèka dara,verb,34
terakhir,limuri,adjective,34
terakhir,kahai,verb,34
terang,saraa,verb,34
terang,pasale,verb,34
terangi,pasaraa,verb,34
tertarik,dale,verb,34
terangkan,pamako,verb,34
terangkan,pamèu,verb,34
terus,taruu,particle,34
terus menerus,taruu-taruu,adverb,34
teratur,mèci,verb,34
testa,katanga rèi,noun,34
terbalik,sagoto,verb,34
tetapi,te ngaa,conjunction,34
tetapi,tenga,conjunction,34
terbang,lela,verb,34
tetes,suti,verb,34
tetes,pahaa,verb,34
terbenam,cèna,verb,34
tiang,agarii,noun,34
terbit,rea,verb,34
terbit,pahaa,verb,34
terbuka,bhoke eele,verb,34
tiba,dai,verb,34
terdapat,rage,verb,34
terdapat,abhu,verb,34
tiba-tiba,kabèdhi,adverb,34
tiba-tiba,sahèka,adverb,34
tiba-tiba,cag'ag'a,adverb,34
tergantung di leher,inu,verb,34
terhormat,hua iia,conjunction,34
tidak,be,negation,34
tidak,boe,negation,34
teriak,parodha,verb,34
teriak,taraa,verb,34
teriak,pakèce,verb,34
teriak,pa'oo-parodha,verb,34
tidak berdusta,hèb'a hua boe,idiom,34
teriak,radhu,verb,34
teriak,rodhe,verb,34
tidak bersuara,ugu-ge'e boe,idiom,34
tidak dgn semangat,d'ara roe,noun,34
teriak (gembira),pakèra,verb,34
tidak hiraukan,bhera,verb,34
terima,dhaa,verb,34
tidak lagi,heka,negation,34
terima,sèmi,verb,34
tidak lama,nèbhu boe,negation,34
terjadi,j'aj'i,verb,34
tidak omong kosong,hèb'a hua boe,idiom,34
terkejut,kabèdhi,adverb,34
terkejut,cag'ag'a,adverb,34
tidak terima,tule,verb,34
terkemuka,aae,adjective,34
tidak usah,ia ka laa,conjunction,34
terkemuka,ara-madha,adjective,34
tidur,bèj'i,verb,34
terlalu,kolane,adverb,34
tidur,bhèj'i,verb,34
terlalu,oo'e,quantifier,34
tidur,j'unu,verb,34
terlindung,abhe,verb,34
tidur nyenyak,luu,verb,34
termulia,hua iia,conjunction,34
tidurkan,paj'unu,verb,34
terpencar,paj'ala,verb,34
tiga,tèlu,numeral,34
tersebut,deo,demonstrative,34
tikar,dhèpi,noun,34
tersinggung,kaheo,noun,34
tikus,maraho,noun,34
tima,tamèru,noun,35
timba (air),usu,verb,35
timbangan,bia,noun,35
timbangkan,pajiko,verb,35
timbul,bhodho,verb,35
timbul,cèu,verb,35
timur,dhimu,noun,35
tindak,tao,verb,35
tindakan,tatao,noun,35
tinggal,ate,verb,35
tinggal,pea,verb,35
tinggalkan,tèke,verb,35
tinggalkan,bhera,verb,35
tinggi,dedha,adjective,35
tinggikan,padedha,verb,35
tingkat,tad'a,noun,35
tinja,nda'i,noun,35
tinju,j'ubhu,verb,35
titi,tuku,verb,35
titip,pangèd'u,verb,35
tiup,tiu,verb,35
tobat,ele ho'a,verb,35
toh?,do,conjunction,35
tokek,tèke,noun,35
toki,d'eu,verb,35
tolak,jajuku,verb,35
tolak,tule,verb,35
tolak,tule,verb,35
tolong,tolong,verb,35
tombak,kapoke,noun,35
tongkat,tatea,noun,35
topi,solo,noun,35
tua,heka,adjective,35
tua adat,dhèu heka,noun,35
tuak,dhua,noun,35
tuan,lamatua,noun,35
tuang,bhori,verb,35
tuang masuk,sabhori,verb,35
tuangkan,soli,verb,35
tubuh,ngi'u,noun,35
tubuh,ua,noun,35
tuduh,galaa,verb,35
tuduhan,lii galaa,noun,35
tugas,sasab'a,noun,35
Tuhan,Lamatua,noun,35
tujuh,pidhu,numeral,35
tukang,tuka,noun,35
tukang gosip,tuka tenge lii,noun,35
tukang gosip,tuka togo lii,noun,35
tukang lapor,tuka tenge lii,noun,35
tukang lapor,tuka togo lii,noun,35
tukang pandai perak,ana tuku,noun,35
tukang sihir,dhèu pake na'i,noun,35
"tukar, saling",pasilu,verb,35
tukar-menukar,pasilu,verb,35
tulang,rui,noun,35
tuli,katele,verb,35
tulis,suri,verb,35
tulisan,sasuri,noun,35
tulus,mola,adjective,35
tumbuh,muri,verb,35
tumbuk,abo,verb,35
tumbuk,dhedhe,verb,35
tumbuk alu,pa'asu,verb,35
tumpahkan,bhori,verb,35
tumpahkan,pasuti,verb,35
tumpang tangan,baa ai,verb,35
tumpuk,udhu,noun,35
tunduk,pacud'u,verb,35
tunggu,madhenge,verb,35
tunggu,mate,verb,35
tunggu sebentar,tatae,verb,35
tunggul,kapua,noun,35
tungku,rao,noun,35
tunjukkan,padelo,verb,35
tunjukkan,pad'elo,verb,35
tuntut,paj'uj'u,verb,36
tuntut,katange,verb,36
tuntut,pa'oo-parodha,verb,36
tuntut,pahutu,verb,36
turun,puru,verb,36
turun,pa'abhe,verb,36
turunkan,papuru,verb,36
turunkan,saguru,verb,36
tutup,bèdho,verb,36
tutup,hutu,verb,36
tutup telinga,pakatele,verb,36
uang,doi,noun,36
uang,doi-dhari,noun,36
uang,dhari,noun,36
untuk,ho,conjunction,36
uang perak,doi iia,noun,36
untung,a'oto,noun,36
uang tembaga,doi mèdhi,noun,36
untungnya,malo-malo,adverb,36
ubah,ub'a,verb,36
urat,kalua,noun,36
uban,ohu,noun,36
urus,lalau,verb,36
ubi batatas,sihu kee,noun,36
urus,lalau-lalo'o,verb,36
ubi jalar,sihu kee,noun,36
urus,lalau-lo'o,verb,36
ubi kayu,sihu aj'u,noun,36
urus,leru,verb,36
udang,bhoe,noun,36
urus,pa'uri,verb,36
udara,lai ngèlu,noun,36
urus,uri,verb,36
ujung,kolo,noun,36
urusan,urusa,noun,36
ujung,suu,noun,36
usir,babège,verb,36
ujung-pangkal,kolo-kapua,idiom,36
usir,bata-magèla,verb,36
ukur,uku,verb,36
usir,bhabhoo,verb,36
ulang kali,padhutu-dhutu,adverb,36
usir,lalèta,verb,36
ulang-ulang,padhutu-dhutu,adverb,36
usir,magèi,verb,36
ulang-ulang,paparu,adverb,36
usir,magèle,verb,36
utama,aae,adjective,36
ular,mege,noun,36
utang,kèlu,noun,36
ulat,èru-èru,noun,36
utara,badae,noun,36
ulat berbuluh,nare,noun,36
utas,loa,noun,36
umpama,lii upama,noun,36
utusan,ana pajuu-paleha,noun,36
umpan,ani,noun,36
utusan,ana paj'uu-paleha,noun,36
undang,nèru,noun,36
ungkapan,lii upama,noun,36
ungu,mea-mangèru,adjective,36
wajah,rèhu,noun,37
wajah,rohu,noun,37
wajah,rupa,noun,37
wajah,ropa,conjunction,37
wakil,ana,noun,37
wakil,paj'uu-paleha,noun,37
waktu,lod'o,noun,37
waktu,loo,noun,37
waktu,taa,noun,37
waktu,tebho,noun,37
waktu,rapa,conjunction,37
waktu depan,bèli-camèda,noun,37
walaupun,masi ka,conjunction,37
wanita,bhèni,noun,37
wanita,dhèu bhèni,noun,37
waras,mase'a,adjective,37
wibawa,kolongara,noun,37
wilayah,rai,noun,37
yaitu,nuka,verb,37
yang,dhu,relative,37
yakni,nuka,verb,37
zaman,taa,noun,37
zaman,tebho,noun,37
